Invoice #,Status,Freight Vendor,Total ,Invoice Date,File,#,Payment Date,Proof of Payment ,BOL
1388,Payed,Lumen,$48000.00,17/9/2024,INV#1388.pdf (https://v5.airtableusercontent.com/v3/u/53/53/1778220000000/gr_9jHU9tzDV9gn5HdqAGw/uoJzrumV-poRT1zcZnjQ13T_ucndiYmuzCnd4VzPh2GSgaxh93xDE8QJjoe_J6XUkKa8ZnxbarFQXyQl6dnAt-y1rMSu-GX0MQKqqiey3EBzFZQoUGDOdpxwzeCcbEZW9zQK2mRntStXbyv-EHJubuTAtVrfmQ-ModHe1-T92sA/9N3VVaUI7XEPZmmsW39VngDGajjIW3KjcaIBpM-bjo8),1388,17/9/2024,lumen.jpg (https://v5.airtableusercontent.com/v3/u/53/53/1778220000000/3KR10oyp11P1_gFJlq-gCQ/YsfaKRJGqojfjbZV-nNATWCAmuMFLjAY4UKVHab0QHZG08geZfrsV340uWqUd7hnMXMO9THUG_MyWW0oaA4Wx1NwjqsjqkACdQ4_NwfQw8sBs65ygpEx-l0fm6nfWgMSR-wvolmw9ku59jQmgDcEqg/YXY-FU5h1_zNZLKC7Fa903W357GjdzMXR-wRp1Sbvow),"1206209, 1206215, 1206216, 1206217, 1207221, 1207225, 1207224, 1207220, 1207271, 1207275"
1394,Payed,Lumen,$22800.00,30/9/2024,INV#1394.pdf (https://v5.airtableusercontent.com/v3/u/53/53/1778220000000/UVUsUVjerlboUoPPos7aCg/Ly9wvMoleg2QcgMOzVq2TATzTmunAb7kpm-tskJDGTPaPKfyUkina3JhFAWPk4mMhfvXCQWyui4odD1mi1rVWJJiZI_LLVISslbHDCSibcb3jkS84r7Pl81hcII6SMnJc2J7tYxLmSW_37snTPocdhiBv6T_aDVig7opMJ28jtY/pph7rrBTL5hMbxaZXb9_WguRjMjo2iQDoqeAgyKwSMk),1394,30/9/2024,LUMEN 22800.jpg (https://v5.airtableusercontent.com/v3/u/53/53/1778220000000/OXh4-0-ve7ItA0NpGLcN1w/ciWXydQntYcHy-G1qmsTkuu6EsC6sFB-3yFxciKeeSKpVijP25mjldoNYwMiAb6ylcP8UT5MQT1Z2_HQ7Zu9sGeF1KsntPzAotvvyTJ-m2J4pY2Bw-_-H6SI-L-dkNDagKwLhPWuUDDRcfiE3cN4IhIeQ0ckPfagTKWfs-TYDC8/y9-k80LcnH6wJlQWuwk2sL-sz306xiPnSAsWbuugnwQ),"237513, 237571, 237572, 237625, 237603, 237626"
1402,Payed,Lumen,$14400.00,17/10/2024,INV#1402.pdf (https://v5.airtableusercontent.com/v3/u/53/53/1778220000000/3q3vM_giAVLNsKupRMfEOg/MO95-4CmdVnDPAL6Gj5ABc01hfJ-YopBcgNHlWatFbDBT48SMUDUyHtMDk336eP7VfMqg4Xutei5nojPdZp8vIUpJZfkNPGaGi0jsQLOxfMP-3eDqVQMB-5tjhRI_7qsYBHdzk4nx3z8jS3RFPCvMBF_jS41Ip4_Raa_kRWmHG8/YzvGY13j6cawaUuvJCeMi99eoszTVo9dUDHlkrlrKNw),1402,17/10/2024,PAGO LUMEN.jpg (https://v5.airtableusercontent.com/v3/u/53/53/1778220000000/d51phGPYVJHtgSI1WZeW5A/cRoRXnDYDwOCmCTVS4HP52FiX_IvrE0r-5k13nWOFcZTs6y52Qu6AZxRRG6lk0Q6UzFVnbTWFexpBMozf8zJGj3q2gytjcgOGvRiRmGNZIfkHtQgcvBXsemE9gWN-8aj25-rXZ6TOb7YISqThsmHmlcUNenLGPbwZYVIHXKFvBQ/MTWSMSmUZyMmrDVhE29biBSlSw6TvGDpH5gLRDIY8pQ),
1519,Payed,Lumen,$11000.00,30/12/2024,INV#1519.pdf (https://v5.airtableusercontent.com/v3/u/53/53/1778220000000/kA5NH3WpSCpm7VqXdWLOLQ/tRO1Jhm-hHxIFa0JHdEEiuEgrUhSjUmmILHkho1KEoH-LTzgJ7aZtMoQtuRkK8UqaDzzQksY1MqxaF2KubkAEyck9Ffruo9GOMWALog240xV8XeMM4Nqk9GYyFi8HerGzIXSOVFz_6OWcdJYtIWq1pbJ3FwCxwNvxcmFddLQ6Ps/sqI90SYjcQlWM9e01Ro_92RlIrJeiD3bNssg1XDG_Yw),1519,8/1/2025,Imagen de WhatsApp 2025-01-08 a las 10.15.22_8a23d36c.jpg (https://v5.airtableusercontent.com/v3/u/53/53/1778220000000/QBZKAtAyXDTH7uxU3FfQOg/bViDr9O65APOVyVy6fi4eJ4EWGuXH2j02dBpz3hahfmvYbYsSdlNpFtz19vUsLsm2pFGC394o_aIoEe9xm7wwTWi2fdAsaSACuxWNPK6_psCZuwQVqP0njsjnn_0uwiDd9edDfYXX0jPe_hDWhuqyaxuEmOYnEU3Rupxb_9V_D2QjUcAiNH7TiMvPjGgZQ-BnhwL1fizsALhlSCTf0D1Bw/aO7GNqMlqdIP5wbvyWX5OMqfWjlUcxokuVihIfkzonk),"1219603, 1219617, 1219618, 1219671, 1219757"
10224,Payed,Rhino,$14550.00,17/10/2024,Orka Oleo Group Invoice 10224.pdf (https://v5.airtableusercontent.com/v3/u/53/53/1778220000000/hzhvJAHjNtuktAaa2liq4w/XDtneGgTNx_UeVc_0aIX0ROxyBgjcPkLQLsKf-1nVuYPy2oyNMMDtY4HUM1Ghq6gV5si4CcWIDxVLdVJyPtSHzKMt6g45CG1n2ySP4Hya54UU5S3zlKEuGh084oYMKtqiqDi6QLWgguIopB749bPGDDhBlsRdeflEAFYXl0s6tKkaHVVV1zisMiyL7uBTIW1/Zh63KWwN-rTmdOAXBXu7OkWEEQmK3iG5U8yeeSFjg2Y),10224,17/10/2024,PAGO RHINO.jpg (https://v5.airtableusercontent.com/v3/u/53/53/1778220000000/JKx271UHJCEWxOYe4b5W4g/OTpLtTS7zc7NA11vwXuZAm1P8LyfX_FE7lVs1odCe3VajnlSesrKucz7nU7lSDNoIGLHhJ2ZavN0QNKYXU8b0JDlJecEZzHKwDjf-_jv65YpJObPNLMOBk4XU7uLXauVPkt8NEpJ5hPtAEp5e0_hfqxfF2nufQpYWU__wsMQzbw/LdDWuok2OY-C8Fu8f9wM-VmPAFmvpad7fC97-E6Da1E),"1209674, 1209798, 1209663"
8424,Payed,Rhino,$9200.00,26/8/2024,Orka Oleo Group Invoice 8424.pdf (https://v5.airtableusercontent.com/v3/u/53/53/1778220000000/euNkbVqySt92haONpQetrg/Nn5E8vTlgRFFubC_HY7BFkz6R-hZDxvu_L7FvjLWLpX1sc_gjZP2O66qOY1JJmaw1c_RDg9d-vw2hvGTZd5DjimM7TvAhYVFXP7POz6BApCKmbqz_t9JEQSnQ7qdNwMJDebFVDumKncbxTcwq6TxJVb1ITNj_XrRwWs1-WVyP9wE_D1hHKfb1NnNIj5txmcT/UkbivJMhIJqr2784iTWW0KY8gPHzSGX4-65YbHla7f8),8424,12/9/2024,Imagen de WhatsApp 2024-10-28 a las 12.44.40_c2ec6e6b.jpg (https://v5.airtableusercontent.com/v3/u/53/53/1778220000000/oFVQuiLEua2UpSYkugUE1Q/3kUWs9Z5do44EuK1H4h7Y91o1DTcgRbv-LhoXUOiG2gSg27LuQXzhzrvah5EpWrxJTZ85jzNvs_i7wt0c0nXRBqocZDheU7isZObib6YSIQRf0W81603FAziCeOm26VRepaLZtqMOjDwToxfayYZTrp2gp9sgB79Gr-HJnNcvejWBMPZXfyO5pLxcfkf63Cv6qUz23NFhJ3dPcRRTFMHeA/O6evOa3NTZypXXzSU-tWCIEyJVlhXw59ljFAIy1fRWo),"1203859, 1203868"
9124,Payed,Rhino,$9800.00,9/9/2024,Orka Oleo Group Invoice 9124.pdf (https://v5.airtableusercontent.com/v3/u/53/53/1778220000000/j3vQsQ7GkQYH63qb6n1bcg/CWAFJ48UV49IQ0YzSWhtotVsRoN_6i2cqwlR52VhZpXfpddC4jltMON3c_vs4KAawKWx3Ffieb_14rvQ6SQI1ug16nlhud4XIJxb4SKf0pwHcQOM9U2JNgqVga3Jo31zNmn_hn70oVfcaOR7f9eZgEyi95fXs_VzIfQ_d7IMXs-1i7_quhBrvDXkFi4axwwh/2uo9n_LRfqSG0A3Ur-BQOqS1JZaughL6Lz_mrYDGfy4),9124,12/9/2024,Imagen de WhatsApp 2024-10-28 a las 12.44.40_c2ec6e6b.jpg (https://v5.airtableusercontent.com/v3/u/53/53/1778220000000/oFVQuiLEua2UpSYkugUE1Q/3kUWs9Z5do44EuK1H4h7Y91o1DTcgRbv-LhoXUOiG2gSg27LuQXzhzrvah5EpWrxJTZ85jzNvs_i7wt0c0nXRBqocZDheU7isZObib6YSIQRf0W81603FAziCeOm26VRepaLZtqMOjDwToxfayYZTrp2gp9sgB79Gr-HJnNcvejWBMPZXfyO5pLxcfkf63Cv6qUz23NFhJ3dPcRRTFMHeA/O6evOa3NTZypXXzSU-tWCIEyJVlhXw59ljFAIy1fRWo),"1204569, 1204585"
8524,Payed,Rhino,$9800.00,26/8/2024,Orka Oleo Group Invoice 8524.pdf (https://v5.airtableusercontent.com/v3/u/53/53/1778220000000/r8KLT1fIq37KXePPwES5jg/pTzCqm9eiVjs4I4PvpAtls-sasGFhNvcmjgT0hIR0WzhdxHK12iCQ0mnI3qpvlaKlME7BJp7mwbZPeUb0hYTjkWtxu1eKnF7DzYxG8xO84NTkEwC-l037OVr7GOdaLfLQgkDUYofrD1sTh88H84uP53FNlqIX-HpR2uYmABsF6rc7c75BFgPaBCxj4pZa5CY/GFbxQRFQ9fpFvAmKur_cVFIe0npXIhPfUfMPvRPu9n0),8524,12/9/2024,Imagen de WhatsApp 2024-10-28 a las 12.44.40_c2ec6e6b.jpg (https://v5.airtableusercontent.com/v3/u/53/53/1778220000000/oFVQuiLEua2UpSYkugUE1Q/3kUWs9Z5do44EuK1H4h7Y91o1DTcgRbv-LhoXUOiG2gSg27LuQXzhzrvah5EpWrxJTZ85jzNvs_i7wt0c0nXRBqocZDheU7isZObib6YSIQRf0W81603FAziCeOm26VRepaLZtqMOjDwToxfayYZTrp2gp9sgB79Gr-HJnNcvejWBMPZXfyO5pLxcfkf63Cv6qUz23NFhJ3dPcRRTFMHeA/O6evOa3NTZypXXzSU-tWCIEyJVlhXw59ljFAIy1fRWo),"1207929, 1207995"
9224,Payed,Rhino,$19600.00,19/10/2024,Orka Oleo Group Invoice 9224.pdf (https://v5.airtableusercontent.com/v3/u/53/53/1778220000000/z7AixmvKgbkMW0hLjCMudQ/Ej0lKj5QCiWM59Djze8BOpfBLGDKKA1dcqd-dKaLE1nw9cuSXCHJautzo9U-fgF85f-lRLYjHgLtC7bbwNrrgYF3NjBreaOlC6Ava8IjJfzgUjunr3QOPo22hsmw0JuUUZPFJwLe9Ul9Pds_k3fXXEP3bEP2LZP-BeE1Vz-8XNbRsySLkKyMRLszGd2100Cq/zeF7oVplg8tqwYFjcVuMA8deWku1HatCIUIrR04u990),9224,19/10/2024,RHINO 9224.jpg (https://v5.airtableusercontent.com/v3/u/53/53/1778220000000/aSLWvjO4s3Gh7ptjj9jhpg/oruNe5kL9SBCevjAgMvqaXi5wiPihthoV4CdvtgEIGthCLSXb8iEHsZkGTOhyG1-vESO8-AHqBYrC1qBNUPlr3EglvUkoT8SibtQHx8uFtt07TF0XlUzJUNG4P-zWsGnP8i0MnrWqCB2hpsyWSV3A96jJWDQyOOxdfoBEMaRbiA/KLHPssqWJaQozI_oukT5ksgOJ15wna310zZasoNFDPk),"1206154, 1206172, 1206507, 1206568"
9324,Payed,Rhino,$53350.00,24/9/2024,Orka Oleo Group Invoice 9324.pdf (https://v5.airtableusercontent.com/v3/u/53/53/1778220000000/XqbXCaC2nLFwmlyp4P7Y7w/YCOLyKzuSoNCKow2zpIkOeaG8z93muux-VNsBEryAxyeD9G74zUDmwr4h4nmukhdppO4EYTChvNRN-8tSfkYcN7Y91fZBUFkgPFPQcWiP3Rg-1VpZH_hXeV3NeHgPrGvaPeH38IQ-yIGnpyXeaIR5XZYIuM2lAoVI1M5hEbObugVl_ylY5sDFQZas_TxSE66/DuDQZu90rr5rJfZE3oXgYR7OcoDgF7t25l50LZL7nIw),9324,24/9/2024,53350 rhino.jpg (https://v5.airtableusercontent.com/v3/u/53/53/1778220000000/Tk7bDMoUuQb2V-yMKKysUw/a5XQBHaTLS6F3FVlF4oVHU5pdxQdSQ-9y1dyKAW-A8PwTD6rdpesYNeLsBKL-UzNxK7S9_qDprtGf_oEJTHMoG3fTPTCCqapNIhAqkY0iql0t2cKT9FhLagtiWg4gxrDhVMNibdujROuHxo3q79zp53h0add-Tw08hVyDX3U6Xk/3Dp9IluN5_efYlCSR7AcXTJmCjxmg7W9m54Aybq4jZw),"1207132, 1207211, 1207098, 1207123, 8881, 1207997, 1207994, 1207991, 1207969, 1207928, 1209361"
10324,Payed,Rhino,$16400.00,25/10/2024,Orka Oleo Group Invoice 10324.pdf (https://v5.airtableusercontent.com/v3/u/53/53/1778220000000/vA8ATGJqGKdNSHdJ8A7kgA/FS6OG1eIGXjRoy0OpQVRVwTmZfC3qF9_F_y8Tk-D2Owp-GyV5XQ5ItMpThSyONg5RGXMPvxgy5A18yS6R0Sk66GnTtR1VRTdcPVHaMWOqPULnQSDWgPWFNf10_dfrpdH5Od0TeOo7rWKpz96dYa7IEtefjBgwmoTOJmh7hkDU6RsBN18ujkU-NCTgtHnSQCs/weFylD3f6R_TMS4E7M094hqw1imkJ5AJ9irzWxheUFE),10324,25/10/2024,RHINO 25OCT.jpg (https://v5.airtableusercontent.com/v3/u/53/53/1778220000000/kp5N_gPAcXeL_D9HKoB0ZQ/zFw_HErnH04_zkGoL77Pvz3gyjLCXMDGwSJ573KrWiMKuLdyW6l8ynJz5MoQAaiaAXsgN-rWaFEpd2Mdw4Y7-g10vJk9oMtOXR8IwuOhCHydYOq3n8IN1VqGGORdl9KwZeszWqnvuquz__U0DkGdwStzTyvHiQuxlJyDY5znH5o/dP7gdmWMFM6SOyg8QPkojiu7_c3HgpsHyDUTp97s1IY),"9455, 9463, 9477, 1211367, 1211373"
10424,Payed,Rhino,$12000.00,29/10/2024,Orka Oleo Group Invoice 10424-0.pdf (https://v5.airtableusercontent.com/v3/u/53/53/1778220000000/Pf_VSz2uyCtHtRxrkJCTDw/tnl1Ttkkb8s4JBOKHlx0oDeVs3hxn7Z4QIXGajtZymtXx8t4FkaQzDbH6uLpGPQP_hYHfuTpsDXvlpsd3C-YTfwFIT1iEo0fd3tZppQFFBjal_9XPWUNcKuQg1fjfbCMfjMq5jqitLV_mv3F3nyGs7bAXt-98efhMa3nqi_BEQoXk0wTThCduEI-kbyGYQKv/lXYb68Y5z4GVPmHA_WC5NdJ_qTfDw_hUw6i8p5avGkw),10424,11/11/2024,Imagen de WhatsApp 2024-11-08 a las 13.56.42_56a4e114.jpg (https://v5.airtableusercontent.com/v3/u/53/53/1778220000000/HB6oWrZeVcY_h-qgph1BYA/T3wzIRTs2woukEBbjvs78Pz0tXGqhleyEfxkRiGh8_4ENI-ooreBrkFZmir533HLmJBJDyOtaR5-Qbhg9jAGWvXWSO4GxCFstErC1UpLVCnBYA1u60gfRwyWVUplxnJqu4-0-tYc68JMvPIazSSDlRNOQw1xpa0FPVewN5QJdeqOobGvAvzOPRp6HuO0jt4Au2TIAU8CMT_Wpai2kHXKUA/_BrKpR62XcorJBQXeJQAQLEyrgWIGqnowwPwp1y6cl0),"1211649, 9777, 1211674, 1211653, 9642, 9641"
11124,Payed,Rhino,$35200.00,5/11/2024,Orka Transport LLC Invoice 11124.pdf (https://v5.airtableusercontent.com/v3/u/53/53/1778220000000/cabnJp69h9uGEkRpz0nc9A/riF2GNXU01B0m2jH7UVchmQTzE6EWG4hVXP-M9Dc3Eipf8qlc3aa_ycceXIDIqHAEHoxuond3yZiOwJu8I5bYdhgJ2nVJBlsT65U4Yh8QpF0ra2TElV0WFyh76He7ZlRXmrRlOE-6jfkGlkDWFuOjrIHtXG3oTCZe6PDRd6cJTdpFuNPbrZ9VJCGoh2ajXyp/UXSfiWTH_OkpCY0X1LNN-H6uvMtquS4m3ooyGVsdqqg),11124,8/11/2024,Imagen de WhatsApp 2024-11-08 a las 14.53.05_c3e1edbb.jpg (https://v5.airtableusercontent.com/v3/u/53/53/1778220000000/WoIiXSReEWc8xhM_e7BFLA/Af23sAJkloitwJXIIq4p0YNhfGKdAR_te47LD1SexkOpqnBVQySp3FGmrOdd3FkyhAEXL4rKqm9tOTmgHDPClODOCPkOZ9ExEcKVFtDT_Q8F0HiKpDOsqeTwBOnlyANhxpWRsHbJRf_ZGJ0u8RXXm94pnzo1YPxBoNopHICUjGc1HJ35bfgH7-YQA87NULK9KjCOgingNoziok8Wy9LTfw/l6jB9W_Z8-dA0PSZr4Cau5Nz2-JFTxi7zS_1wZpfMzk),"1212079, 1212103, 1212150, 1212134, 1212136, 1212288, 1212319, 1212500, 1212505, 1212446, 1212448, 1212880, 1212879, 1212875, 239867, 239862"
11224,Payed,Rhino,$24100.00,11/11/2024,Orka Transport LLC Invoice 11224.pdf (https://v5.airtableusercontent.com/v3/u/53/53/1778220000000/gmkVdi9hk0VLO-ogLkVUIA/g5LZZvklywm_SoD8irh3KTpUAJ95dcGSqCIBtApJV7045VG9-hRyochRt3rZ3rXRHKi1uUd-PMBc8KGwN98ceYhqdbr7qpeeD0WaHnoDC2IXkM6n_2Sg70h9T-B8J1ZgtSVeCke8KymamMR8BI0ZUbf84glvorrByPTdbXe57bZZbDLzFCGuWHxSK_2CuKvN/WDiG2wT2TLawH-hTMjkAbpt6H1ICMzNY7qPORZUiQ9A),11224,15/11/2024,Imagen de WhatsApp 2024-11-15 a las 14.29.53_6a3e3480.jpg (https://v5.airtableusercontent.com/v3/u/53/53/1778220000000/7Rgp_Gc8tPnwGEiSeMH75Q/F8ABb2CE5M7cJaK4uycqCQvfn5ucL_jvAgk8gSgtRvUYEkcMZFN0V7BFCeTQcrs3GTC8dk_9O6MrfC8QIgDZdKk8qjJdQnmJlXOdoXnPQlxO7B72WzYtLbW3bMx371WCHbE83_c5VH1AduUe4254P52MgXDrD7LVfupDh6gwLZa57-GWF3cLSg8kFTIV62TstI9jDwi06SVC3HWx_2Fx7A/IzAvN1sTzaSq7EqjQr0pGMUi4mcq56z9ItR4BT_ghGY),"10076, 240010, 240009, 240080, 240099, 240097, 1213750, 1213842, 1213841"
11324,Payed,Rhino,$20000.00,20/11/2024,Orka Transport LLC Invoice 11324-2.pdf (https://v5.airtableusercontent.com/v3/u/53/53/1778220000000/pgn2OBBUKmdqAuiFlkbCWQ/SNa5v-Eeago_a_gUk5Qfd_BYjo7HF8VhFy-zG7wKmGVbeLvaA3ZjNuA3db7fzaa2eGMaR-Tsxg9GPX3YAnSvKx26fkpVeQnNhUf7YEtSEa7wAVPHu1exsX7XuZBhO-KgZ-lF_HYhzsiC45cLSa4OqM5erQSz_As82D61Ms_aGG_rJuk8FZO4JaZBePZ5Hqw_/vbG5i_IrP-lkHAytdHl-xD_grgO6d-d5u5Dps7Z2l-E),11324,22/11/2024,20000.jpg (https://v5.airtableusercontent.com/v3/u/53/53/1778220000000/4ChbRu5smit-AEnJKMicRg/_BWL62bIymkrw4bWq7LLNYlFUUB1fGJeaPEipzoMKN-y5nz_KX89LBBcxNFSp1m429An-s5ybKY6JnV4xi2jDl5LIMYZaEQySGjHdA94lW7ptzIinxAdI4lTHo6KoSzgqi9JWL_HfSks1QYuqEDIbA/scBz2pGs2e-WcuEocGtFxNKrumXkesPCS1C-oipNtdc),"1214448, 1214458, 1214497, 1214478, 1214476, 1214482, 1214493, 1214434, 1214436, 1214483"
11424,Payed,Rhino,$24000.00,25/11/2024,Orka Transport LLC Invoice 11424[1].pdf (https://v5.airtableusercontent.com/v3/u/53/53/1778220000000/akf33E9FZgLSupUifPhsDQ/Y6CXOfrs7IbTKv3J00jrF9avYvraom0qWu5loSV_B-we8fqq5WfFUY6PJkKsGJ6syF4JWaxVsE5ZDP0fffAU5wQh_6a1xr5VHAVMsXEDS5D7C2zmRFUFV9rypJ7O-4L0jeuDuuf7X4aFkfJkqgnJkIJZQ1PkBI1dAIfBnAJwHI9NPhFZnWlNvVTVPpt93Ayi/c8Mi33S4IPZDgUlMhgFuIJBpW_XNBtJw-FFaUW4ueLs),11424,27/11/2024,Imagen de WhatsApp 2024-12-04 a las 07.59.08_aa8f7cf7.jpg (https://v5.airtableusercontent.com/v3/u/53/53/1778220000000/YUHNfRHN7jo_xqrAZMGAmw/tlFChvJ3ZE6M4Lf77sv2q775ibx4xteRXcBFFNp17rx0lCYEXBGiZ-fp3H_VMJrpwXi9-P5SWDehmboDOZx3LceI_jnvELQtV5ITOuOYur-_ZmZHDaHT-cgsQSjRYHC79W2Hlc7HoTw6dS73VOSXPWqWFLkQoNRmueVLglp1qpajOf9k45bLqYgWufOaC4sg_QeiCccLCCQ8v4MHydJBOw/8AMwtkpm3hmLc_IpCd4joj9fTHTejKQdNHq2nmN9KrY),"1214881, 1214900, 1214981, 1214982, 1214893, 1214992, 1215269,  1214996 , 10587, 10596, 10598, 1214970, 1214970, 1214977"
11524,Payed,Rhino,$28000.00,3/12/2024,Orka Transport LLC Invoice 11524-0.pdf (https://v5.airtableusercontent.com/v3/u/53/53/1778220000000/6e9ATY5Rip5tVX5XeNrADg/9WpnkPoSDM03oxbskHFteSHZ0FAOzo1rF4QsP1lB09b5cPVASdzEKq2FkuQrk_mqoippiTxYmazpchEmRQuwQdFxSxswTwqmcaeuhkw-G5ZWusRUlFYcywEcoCdF0heWU9gUsYarV5a-QP9iLgmn2ATSPsbSQ3_5SAirtC9nnNcx-vrlx-aTNKgia8trOdja/bfIjbGZ-YYzVSAttMAdma48E6w-8RCnaEeKVoINV8cg),11524,6/12/2024,Imagen de WhatsApp 2024-12-06 a las 13.36.34_214f2702.jpg (https://v5.airtableusercontent.com/v3/u/53/53/1778220000000/-TylSPJT45IezHqOaBWdAg/Owzh8jGF08aNNhVXSrRltband_dhq9mJCj8IzjZ6DIQvSpiCnQNQfEi4FySjw09vBSi2GDzk09Nx01aItkLcUFe3YHmeVPVCRRReVGOKBWL9JbEGpPNYqgpVELp6u3rnE-fwtPVgFKzqT8rC5J4xGfNe0-aAbYZcNYAOj2cyaYi5Dwz2AYSlKkS8LOwLx0WjZy32lklwY7qdt89k4_dwJA/_zH_XFVY9XnX_ynVnVUkYlZTqM9lkXfYVIsi8_Uomj8),"1215466, 1215485, 1215541, 1215545, 1215760, 1215761, 1215467, 1215468, 1215768, 10867, 10865, 1216142, 1216119, 1215766"
12124,Payed,Rhino,$30000.00,11/12/2024,Orka Transport LLC Invoice 12124-1[1].pdf (https://v5.airtableusercontent.com/v3/u/53/53/1778220000000/R7-U9FHLWccIiBdHnCZnFg/En2FqLFkdsi5dVAFHmY4eUZVg7hIJdDzEQGFUrvVG0XuMBzmh08TKR7Pdtz1Kn7y0AFzZJaR-fWPGqgyYaVHV1limcQS47mjSmAI5fpILGBMIgSjauxTTtGyDo9d8WiwKXl_S6WH1glVQ7FtQeEDokFrMB5AveTrHNWsxhC8zUzZzw7NdmtMx4GU2iCRUWU5/zz0mUWEG2vIEWdlkmf1BtyU2F31qtOsYnmXVFi5xv7Y),12124,13/12/2024,Imagen de WhatsApp 2024-12-20 a las 11.06.36_50c616ee.jpg (https://v5.airtableusercontent.com/v3/u/53/53/1778220000000/UQmmtLhY_iTWgZ3v-0FgTA/sWveACyzbvVPQ14h28hZ8Ro7Xu_LjhJmbT_5WKYTXC--UY5NiGPsfINRSTStoaRgMaMDWl3_uUr9h5aJpayYfVG1H5SBskXQx6_HLo1GWkON0VrZuBfpzvhMuolaE_dTrqI8kSFl6Cy5DReXpMXOATcA1pEOjCyVkob7y7pVuPSqj-XInIrCm2kZJ7EYos3Z56aH0uUKFNQL3FuCGV_Vdg/_GYwQFgEao3wKrvoinSAN23Zz_NFwdNtFsL90dExRDI),"1216284, 1216234, 1216505, 1216500, 1216543, 1216651, 1216650, 1216778, 1216706, 1216874, 1216486, 1216454, 1216504, 1216903, 1216837"
12224,Payed,Rhino,$20000.00,18/12/2024,Orka Transport LLC Invoice 12224.pdf (https://v5.airtableusercontent.com/v3/u/53/53/1778220000000/4MaslXIe6qz3-2GGUgKatw/IgZMotCHrmvA7em7E6A9FujsvK0LcmW-pg3JexZ95SIVe6bVcUUPqruW5dlY0g-lfzZCYpmIo8dOTHizbs63TyPV91A0otC24B12dipZG_Q8D7QXmis5GjZt1v0lQ69ZIp7xvdYAxfBFj36VPdpXKiBTKTQK8FNN_gbdI9TFTgIJ1q2puGIkz-aA4ZV6edte/AZd5wfuasftNTjC10uO0mssuPRtOggheu5cS5ss_eMs),12224,20/12/2024,RHINO.jpg (https://v5.airtableusercontent.com/v3/u/53/53/1778220000000/JdjQhMCrD-pA_jtv9VgLUw/xqIbadLLP88cd542lnOcb5CGmnUW53y_idJh4eKhZryY1xy0mk9JdxHdiMqnflSoy_Vq_jVOIVU9sAHddpf14-6pAFcCFiJhtiex7MeW0a7kzTmxka6vbz14CwUhfDt6XsH-qTnLDYt0f8tpdCv1cg/BCbTXzgaUsrnILY8J6zaFmpD_bCevHrqP8-zOEa7CRQ),"1217125, 1217072, 1217394, 1217387, 1217132, 1217246, 1217370, 1217491, 1217229, 1217480"
12324,Payed,Rhino,$28000.00,26/12/2024,Orka Transport LLC Invoice 12324[1].pdf (https://v5.airtableusercontent.com/v3/u/53/53/1778220000000/zW-N-TGCRRvEdn97NCpw_g/mLrP2AYjL4323nPY4J2H_hu9VU0ZhkiCsRQsAfv-Rn4g_C5tvPXVSFG19q4WwJzezo6KK_0VeKwAqUOOztJnU2stEIuboOMonBcTeHla2PB_6__FujrcxWw6skadmURl4U8WPpm8NpU3BEnL-xPh0WfvRdhY_sgCYEWYu_YK-YouTdd2HvkVUkQKijqzAx9e/JGaCC901eL5DZUGg1BpN9jUjaTLzdKYm4XgtF8knxwQ),12324,27/12/2024,Imagen de WhatsApp 2024-12-27 a las 09.11.52_04bbebc1.jpg (https://v5.airtableusercontent.com/v3/u/53/53/1778220000000/ea9INlOsjRFYNVWM1x4A-A/pl7-Z62xQm7oSDI5hc3-XAV1n5iKBsAMjPQlUDtW9AxbBZi589ddk3LhYpj_xGfE90P7e98wow2vyGjLVbxbpDqTpnFE3Anrcw9tO5YTA9KVziju57Xa2-cqz7fqLbQD-oiy_sKV0ZgIa5hhFdX2lu957ambveo-gIJmSF8z2LjQ5iYjqaIj1-To4_Tj6oJsnAkUIxPFXGRRza9XoqNRfQ/68rn5_-brCodmnO-iF8Dt9Dwp4w2nTjg23Ac7phfscA),"1217745, 1217763, 1217820, 1217935, 1217905, 1217892, 1217914, 11327, 11333, 11332, 11395, 11400, 11445, 11414"
12424,Payed,Rhino,$8800.00,30/12/2024,Orka Transport LLC Invoice 12424-2.pdf (https://v5.airtableusercontent.com/v3/u/53/53/1778220000000/a_rXvV4-dHgeFB3ErAp_LQ/v6zSq8-fYL9YGOQNnF2xq6rPOGP6_kSnG9s-_feRpH-aI2lUoi-OgXh6Lia2-7udUcxL8m9czCbQVves74fFZ8aWZwm19jricdccempx0ueG0c5k2EEY-u8RfsIKNLaHVOj8aZd7HjdlK4fVMiO78x8gC5MYbpQV9Dr2eFWcGa17UT1653xBam-TIJXuvc3Q/MnJad8Nri8lHKMV4gprf5mJIrnFvx7IvssDKF7wFHrM),12424,6/1/2025,Imagen de WhatsApp 2025-01-06 a las 09.01.05_5c815d8b.jpg (https://v5.airtableusercontent.com/v3/u/53/53/1778220000000/NR5Qemx9GMPMVJJjXQKsDw/AOJBs6yw75tMoUB6XOcxL0R7CYipWW3-tMCXN1fNnB8OYgq-LpPYltXDX0BZWFYoy9o31JUnPHr4t4Pf994zdgTAgvSOm6O9jKidy4wTTjoQtqSNl4uZyDXIO8237BZdGlCsZY917f5JQqqJTzaM83xbVreCuTe067D_F7mgmUhYkut0gHcawNtg2BdAzU51T5yM0XYPyBgKsZEcjEmO1w/1awKW3X94x6QsOwgcjZpAejylGRX1HTqho4vbPWXVWU),"11545, 11544, 11563, 11564"
1125,Payed,Rhino,$17600.00,5/1/2025,Orka Oleo LLC Invoice 1125.pdf (https://v5.airtableusercontent.com/v3/u/53/53/1778220000000/K43oZEEVsRprXsqXCDDaXQ/UnILc5C8buTpE6_byOxsO5GTrgfKA9FvPJgomOKyF7TsrrKxu4VLFOIlnG_WG5d7L679olExsdnbJEzvKmhKWsHJIB4nG5w8y8ZXSOgcxxeZYPmpvYZGJln_msFc6540P_FFkKYNTdnB81gG8znyNMZ3L-4bZwO05qCf41Qnx_xZ7ABv0AQbpFFevCrUtLh6/xPdWKxV5ebkTfY5ky0kNm1cYJyUKAia1UQ3mYugLDkM),1125,6/1/2025,Imagen de WhatsApp 2025-01-06 a las 09.01.05_5c815d8b.jpg (https://v5.airtableusercontent.com/v3/u/53/53/1778220000000/5glM7Pa9jeJCdY9YAzaQgw/bHT0ndl6hvSR-zPQEVQYrK0UgWoEoevr-gvbUO3mGKETMgjB_e58w7xTU2XCFkt_HswNmWTebKQT8xGx1p95yEw6_cbqir5Jk_MNR6473cSbFRa7_dRLH25Xfau5dw9-Z747dJcY28BmbjvUk_S1ZKke6aCNx2q3b_DswgE0-58a2h9YeoDFN-kSirHTg5oZFiePRv6ivA7mVtYhx66qmQ/1LEJNrwJN2LbKADVWSrLVNUJIO3vz6825WeTcj-CPDk),"1219517, 11688, 1219549, 1219466, 1219545, 1219787, 1219657, 1219830, 1219843"
1225,Payed,Rhino,$67125.00,13/1/2025,Orka Oleo LLC Invoice 1225.pdf (https://v5.airtableusercontent.com/v3/u/53/53/1778220000000/l5YWX01FI7fowwMGf4yQPg/rYLSOWqOxqZqVI7X1OzhPraWJxhdItnyHaID0YqMboVRKybI9YcXKvbauB85igD0x15BoxK3NEwIsB7L2KSWLIncyF9ScFtH9WCXOqeUt2xe6ojkNFFTe0l46Ud1H-TUzspMmMmnj4ASUUbadKNoGSdNys1fC0qgyn47wPQmuIcxA9rMCwez2t7xBpLilMFf/GxuomEXvp3YuOwOSWtq9nFWV07uEq8YatKq5ZEtnCpY),1225,14/1/2025,Imagen de WhatsApp 2025-01-14 a las 13.18.31_ac72676e.jpg (https://v5.airtableusercontent.com/v3/u/53/53/1778220000000/nkUAQL9cRerSae3e20pXKg/osOgZ8uCoMoqOLHXMRJaAHH8e8Bmc6oJ0B-HZ4a8q2dWS0WQ4uO1TEPbNKBqRqBqN8UPcFppfvKyWgrBZiS74covuK6Y1hai45_psG-f6aL9wKRUBDaNWUZjoJhP807L3ZEx6FSzqsSvYMAEcBZPfVOjNaELNKI2tZ233p2N7vDFfrLo6dA0qw_FSFF0ev9ENqOm9dvBk2GSBzncZByElQ/4-1KKCr9MCqL_b-bayiCDa1IUjHLZsQOyWAksq43yyo),"1220037, 1220181, 1220175, 1220316, 1220265, 11825, 1220407, 1220446, 1220555, 1220595, 1220611, 1220612, 1220583, 11890, 11884, 1220031, 1220064, 1220045, 11764, 11763, 1220198, 1220204, 1220183, 1220189, 11826, 1220306, 1220345, 1220406, 1220395, 1220380"
1325,Payed,Rhino,$57200.00,21/1/2025,Orka Oleo LLC Invoice 1325-0.pdf (https://v5.airtableusercontent.com/v3/u/53/53/1778220000000/zkYmzGKcMxLo9cAlOoDyUw/MNseg2zx57U77i9v-ZbKU1tKI7ZTQNC7T-Rno4XRr1urkz8AkdCkevPBRlVF2FCi3pzizwNEbpkYIvyCrZ3ERrZ-jXuzZWwMUIsIMTOVXO03HqES88gi_Qz_wSrRaA9pVsnFbEY-l5Yeugxxddq1550JwrqxugAsMnUQcDzrf6vumAyzv3i0TiCuXpSfBVJm/9OnFNJudKJjVsW2TN5JAYVQvItFgeTMTCt5XxR4AYYE),1325,21/1/2025,Imagen de WhatsApp 2025-01-21 a las 11.40.05_6fedd625.jpg (https://v5.airtableusercontent.com/v3/u/53/53/1778220000000/P9xSuA_Tqn-9EdfiKhYlcg/-VLagiIF97Hu36P2sg9viYtjuLGNWH2iPQ24ugJss1vYiPv85PTYcZYib0AQFx40fJq6q2I4F9G0nT52dZnOonVP5UeAimE00VX5ylDiQWc2U7svn3NbNaglZzKQST47os2Fbfh13NrHWhp4CYek1v2L9r897sLKzSKiVTmwJABHL8RqXZKWj4dhiB5XHuSUeK0y5Q_Zx9-TSrrjoCIeAw/KZA6-Tv8Vfulgl6vEZYzofozRZjAZkkJ7n9nnNsI8g4),"1220763, 1220838, 1220864, 1220815, 1220777, 1220788, 1220805, 1220925, 1220946, 1220965, 1220941, 1220935, 1221068, 1221103, 1221116, 1221224, 1221222, 1221225, 1221211, 1221207, 1221199, 1221220, 1221221, 1221230, 1221228, 1221259"
1425,Payed,Rhino,$44000.00,27/1/2025,Orka_Oleo_LLC_Invoice_1425[1].pdf (https://v5.airtableusercontent.com/v3/u/53/53/1778220000000/ZtfHDpbfE2839tnaNHjnIw/Sbp9PQ5mXX_XvNnocenF3SqXONKr5MwgeI8Wvg-014pbF-hvFnLzg2x5LRqEU-lrvbzlM-nfYMADqb9dYwKUa5NWQTdKGRt15sV9jwKTU7rHrUmR8TLCURf6QgHhZFKmsBZnZ8cnJwreAlwSsPII3aZ9nqoYlQNCHTPkQD7Zv24jkWjyEJ113iYvg_MaBgR9/qHA2a73uxu9Qa6PTS7qwBMTxOMb9K9DJnU8TLZ93KuU),1425,27/1/2025,Imagen de WhatsApp 2025-01-27 a las 11.36.18_ec092f1c.jpg (https://v5.airtableusercontent.com/v3/u/53/53/1778220000000/9wqiUU0amDff9qqt_TEO4w/m1TmBHdaFyiU5qcDUcZQ8d_wmw5JrFpTwQ4eWJnBNzNp3DJjfoJe0lobtswUwDrpnQo2RPxlD4oMw4xxb2Ee24yf2UNJy6LVjzAODcvM92EEeXUe-aUiYeXrFFLaclbHJ9ZSMbfNJWjSVgfN0V3V_mW-atR6Z-qoImoDkIXNNLf2IfXb_IttdOHuCxy5VFwzv_r2wzlip1LUayq-MoBl5w/-x9tbDzmT64jFYwLrMfOly3hkyyIRCjHxETaIKpuHEk),"1221570, 1221574, 1221575, 1221681, 1221747, 1221579, 1221738, 1221641, 1221658, 1221666, 1221820, 1221876, 1221946, 1221859, 1221891, 1222007, 1222043, 1222082, 1222103, 1222101"
1525,Payed,Rhino,$50600.00,3/2/2025,Orka Oleo LLC Invoice 1525.pdf (https://v5.airtableusercontent.com/v3/u/53/53/1778220000000/2jaL-sj7V76wPA19b6oPuw/l4WM02lxLF0qZBF0BmiiU8vcKfj9y5wK9KspnPWtyObLjz_7Zbwt3I3-KTB9cYZUZzTrtQG04v0T5Ql7NefJB7grIS8EKGpcZkhvHiDvQ_cwa0v_F6ek0CnH5gYbUyBCFCpsL11_THD_utyA8T5B6WMOENMqEzfT4HLotEAXB2SmU6TAvQG1GeXdhN98dmkL/UFBxxquNHuxqufONiZ8zwCFSYfA-4j3L8qNBXVD2QKo),1525,4/2/2025,Imagen de WhatsApp 2025-02-04 a las 08.16.31_bdd1c53c.jpg (https://v5.airtableusercontent.com/v3/u/53/53/1778220000000/dcm2JSe5NIbadZJqPd2USw/hw_BLr3gMDqfQXOFVJaUN4R8i_a85RE0cP-FBA7YeKObdbrpMoey5gW4_y59kb9HLKteJOksIkgy4vTXONKunr_lXR-Z63lkXhjiSFT5goZRFm_P3hF1nbfj-S0CaTDgAHd_-3H8pKeHCmrg5z4bIsDDmouyYAvEU7dEW42BW0kueXVGr7CxXKvdFs5Ur3f4FTWuRlQgXHrKBvoRC4ampQ/LMHUBhU0_G-zu2jTy3P5BvvMg9aVm7NWu4mbHG4FXNM),"1222301, 1222314, 1222315, 1222328, 1222362, 1222460, 1222467, 1222478, 1222491, 1222524, 1222585, 1222660, 1222735, 1222750, 1222757, 1222904, 1222954, 1222994, 1222995, 1223129, 1223149, 1223233, 1223248"
2125,Payed,Rhino,$35200.00,10/2/2025,Orka Oleo LLC Invoice 2125[1].pdf (https://v5.airtableusercontent.com/v3/u/53/53/1778220000000/toa0Jz_GJCR_76Y2acSy-w/lhJNykDEMXCLaXvc66HrluNGX-Q3sqxfsvl62SRB3-Hstk9euICaMaQYMgAmJEJrxJg6y32Gk_Ky65jO3TMvRFzCRIIrKzL8iO9I4sUrBqOr1_CnZfYgQpMpLdvzQt6skmO_KkiCbDoVOPCDS24soIdBNgSYVfNygrUOGN0iQGkN0ITO7e7AAHqYxygs3TQ5/D7R4gtFVVx_6VKhZoyc31jinbrObygRo7y31z-kDxCo),2125,10/2/2025,Imagen de WhatsApp 2025-02-10 a las 08.15.37_5589eb8d.jpg (https://v5.airtableusercontent.com/v3/u/53/53/1778220000000/guEhESdDrkqblccz-wU8bg/AMOcyYxnzqCXAdigkFxumLk7AA6P5vtk9wOeUEe6yZwA1-6q5GDxF0vqKlgx-fSn6IibDS54ezbMowgJ6P6WmRByT9NNLU2Qfp8v6r-Ud6pOSf6Dpicu1s7FRLx0nqBzBmFPm6GWobhs9V_EEGDvs1rJM5WwbTpM2D-KscT2g8XyW1WAqhaxHHD4UMlrKbU25BsWFoNgv6lqwIcBw3XF5w/cY34Psn5o-4NO72zKPl6rGvKEkoTgLkjAoFf4C1Ah0E),"1224332, 1223453, 1223690, 1224091, 1223419, 1223391, 1223658, 1223699, 1224144, 1224021, 1224159, 1224299, 1223444, 1223605, 1224120, 1223413"
2225,Payed,Rhino,$19800.00,17/2/2025,Orka Oleo LLC Invoice 2225-0.pdf (https://v5.airtableusercontent.com/v3/u/53/53/1778220000000/MelWxO3Dk6G_1vSXHhgTdQ/DmC3F8-Hw92YQYFQ0kor5gmIwqAvN3bnjW_ZV4cwYkjeLxsaC5HOu1kvw67ehMVYvz0qCRvawlJPiRrXKyZfBVz-22dzcLX6X9bUMTGo77YWqu97ms36hho6TVeUvji1Rs7YUR3-GKHDFG_tNrwpKT5Q5gZuYHIvT57MewXvgCBZMqSmDC8ZxSDj2cDsB4bF/EZpHUqPKNYFo3G-EepcNTIEg617arSG5vAQ4LurNLhM),2225,18/2/2025,Imagen de WhatsApp 2025-02-18 a las 14.46.30_c1d60f3b.jpg (https://v5.airtableusercontent.com/v3/u/53/53/1778220000000/1FEqj2qijWC_CfxMbM7vaw/GF_kQadlNk4kEew4-b_LhL3JxIH1-jClHH3RiBTaX3I-Svaubh7FG1q0YcdW_OQo_XpHSzF_QaSgSKFmnmHDkmZ9KazHJ7sLihTfqLltDMouKN85sxo5oPIA0d9jjF1yrajKyPFOlgSI1UZF38U7bnzgMZKhGuGHWNGvuwgs0jAwMsbt9vIQM70yDqKn3NMXew9wgIShfISwAzu5VWUY2Q/NOhNGYNbcsCM2qFSHiq8vcY4cU4j6hkLLRbtyrD2BRU),"1224581, 1224565, 12702, 1224577, 1224570, 1224589, 12707, 12701, 12700"
2325,Payed,Rhino,$26400.00,24/2/2025,Orka Oleo LLC Invoice 2325[1].pdf (https://v5.airtableusercontent.com/v3/u/53/53/1778220000000/qALEM9rj7KdTQDjh52P5Hg/eljg57TR4lw3KZdQ-cCJYGQ9Q_HQTh_mCUpcQjL-m4WGnQTE9CXCU7cPnGjP3mTMujXfNfshYR7PuioGEJVBJWAIHBW4vXrETqoL2OqwtuyNObMEi_DhXUzy4-kT1k2dLMpdMct0uMPgCx70B73OPTFUf8neAJXsWm-5nhB30JmzFSjATlJqflb9AuHivhQg/wP4r5XLCxT1ErCbtg9MYwZ52BTfDtWwtNVgS3gOZ_P8),2325,24/2/2025,Imagen de WhatsApp 2025-02-24 a las 09.24.41_f372aa9a.jpg (https://v5.airtableusercontent.com/v3/u/53/53/1778220000000/ZTjg2hhm_5ahS2S0zdPfVA/AtNIA7HCGGuSXTExgjBqOQPCHcftm7fMu2CjURes74GeoNR1vpWwvC-bjsYhXitSsqwN6C4UNt-726B6kWlO-BEm4kmPEXbDc5AiPKOEdfMc6aIm0h4xbWcb3-IHD8bM_1XCdkJIHltpRhMmMQmfT1lGKjzU6M2dkjWV757DOptamBxuOuUxFVyt-lKoOkSOjMFXOrQngTJi0GCrRG3L_g/pXXzxWtTw6ocLEkTk9R9gKg_yZ-ttsapwiyO55gkVVk),"1225153, 1225047, 1225274, 1225135, 1225149, 1225013, 1225770, 1225779, 1225112, 1225345, 1225631, 1225776"
2325b,Payed,Rhino,$6600.00,24/2/2025,Orka Oleo LLC Invoice 2325b.pdf (https://v5.airtableusercontent.com/v3/u/53/53/1778220000000/1IHkfoqMD698rFPH2Gm0lA/nPnI3zphoQAZLfsZ9vrxN58jKIR-gL5UbJ0_gqHvBCt6PubNiTzfQoYl8LJuc52KcuKI6rSOKogSQm3-PpKdUgWw2y-VTe2yEk6GFTjUpCOoDiBET7qhG7lCiW4RFVzp_3vNpkX5DMB1OxWWWyaqf5BnvQbyQO9p4jpCIYT5_PlqE7Q0EqfqgpDdE69umRjT/D6c8KuqPrENs6SWRId2pW1kURLvTtGAWYgubIuj_Dmo),2325b,24/2/2025,Imagen de WhatsApp 2025-02-24 a las 14.50.17_03d0e3e3.jpg (https://v5.airtableusercontent.com/v3/u/53/53/1778220000000/yVo9tuk0NpID-8xq_oPTWQ/o54BTmFDe7efLHYnDaST9kn2Ci0rr4PWyIfEHGJ4-v4agUKq-BeYyf9mxmPY1qNdJrBivz_KV9i-dKcIARWSGJQIKkq-aCJi9MAvylOVpaSBTEQH5AHeSt5u-6Km7l2JZmUsFC3f59iFEQPvHaMFommJVRlsrppyPZAhPHTAP2kIDCACmOAAZMwpWXvgsDh1pGgBxLq9M0JrBM6AG1V_-A/-_W9Akctbbd959VQxCcTyMsJY5FRhs6YzalQyRgd7Lo),"1225806, 1225785, 1225873"
2425,Payed,Rhino,$13000.00,3/3/2025,Orka Oleo LLC Invoice 2425-0.pdf (https://v5.airtableusercontent.com/v3/u/53/53/1778220000000/xDOzwWG7xEmdPhk8h3zuEA/Sz60W2_6iwN5h3zDkfUXGZGiUZHUdriyBN_ie5IjnV7vDdzj8aQPKPOmm9vfZYEw_Uh2FbRgafnq-GedJMJ-YUhnWFPMcJnCaMCiPfhP8tr1l9QyEpzgD9i68wCG2q1N-v2iCFNMN7k5iN-qQs34T4Et0Qn-7A25S8K1FnLi3mRi2-l8Aoz6wIZXNQ8GlJbl/EudzEXsKkWpItuD1TuceXCydXt8cxyfD1pvMDyraAPo),2425,5/3/2025,Imagen de WhatsApp 2025-03-05 a las 08.51.55_352e7c73.jpg (https://v5.airtableusercontent.com/v3/u/53/53/1778220000000/oHH-lE2NMZtAenRgV3LqMw/wS0xmgH_zdxNdMyx67edC_X0zK9EQYOLSxpMeadKKXA1L1_nphCbTMQ4EIJeQIr5G2aZFUu6sM0po91lpc2sUnzejA294Nbc8tiWABD1iXT3NcZeSqTHLHCHLwYiIWlBqTyeY_2A4umgJf91wdRPnudRaNqWiOhJtjsmHtUQPWCFi0_TI9ew7hAmhh3mXdGbOjZqrflduj6JO4CRPmSFxg/AabTQ5V45kfVWIAFtQ09PUC2tfJqlBg-oDDCIdAKVzY),"1225927, 21627, 21628, 21642, 21640, 21641, 21629"
3325,Payed,Rhino,$2000.00,24/3/2025,Orka Oleo LLC Invoice 3325.pdf (https://v5.airtableusercontent.com/v3/u/53/53/1778220000000/GMfi3bld7rLxUIu5e6QeZQ/rrjvN0tylM2Twvpskb8K-NzahsXEVQZd4GhXkM2n8RD8xngJb_crzcPrOAIthEmOweClbYaqeIS6NrUw1b9wAmqvqtyP0UK3gh2oJDI62PSqB6nuhRbVYJ8O5aVFVMKjoFwaAifSKhDh3T2y09GspSNI58RtBMoCbtFBT5zxgbrbcHDHlPpxTxZkmztUckxu/_jxcSTrxO_UYbqqhEeoWXS-xn5C1TVzJ1RdZ0OEwEzI),3325,25/3/2025,Imagen de WhatsApp 2025-03-25 a las 19.36.21_2d08d27a.jpg (https://v5.airtableusercontent.com/v3/u/53/53/1778220000000/FhNckjW5kiTx0o50LwSxrA/ZwYsPuM7nV1ejdloN4QDuvk20J5vKS_mum3tJ59e2N5tu3gqJmN3seX8HtF1kY8jeUBRBQR43s058AaJimjyYM48Tg4EJzkZwsW75fkIfFvP3ijsKWebg8LKuQkyrFE7_j0XCCUPQV8rk4rlwESTOtMyLC4dF5vuMPShJ-0WuVM1WqG1DqoWTPtQqEvRVwpVOK-93Tb7j1eBpEYBmtPUlQ/9xZxlsOQJqXfuGLmEsUWl4gk-SFvsEV2Y7OauJoCDLQ),13255
3425,Payed,Rhino,$3800.00,25/3/2025,Orka_Oleo_LLC_Invoice_3425[1].pdf (https://v5.airtableusercontent.com/v3/u/53/53/1778220000000/Pvr_BaDTKiEOISDtdFOpEA/C_VWxKsve_YG6M9YwXcEAO1d-jtUJSkIxcSve_NdwRJ1OO4_w1swTsBhxrCcMUswi0-JzEyX811f9b3SAQmKvKo9VTf_zndvHbwSSPSd9FGnaEqiz9CZayAcaXq9X13aHzR4PJ_MnCEQB6770FLhCosUiBVO4irCIfneHJdIGbMjlLxkSYLb8JrOU-nz9WW7/dgb6eY_tBhWhq82bKtxTrgxmvcvz5PsxJ8-flStQO1s),3425,25/3/2025,Imagen de WhatsApp 2025-03-25 a las 19.36.21_2d08d27a.jpg (https://v5.airtableusercontent.com/v3/u/53/53/1778220000000/tTeFuRwnHvPuZmA_S9UzmA/8YMGqlgOb-NjTBHg951ziK5tWNMyn1nv6pWH9BNOE0_8PJd1Hvtm8yA_WunvCwFfxL_e4Ro9AnvliudQtLEBPloP6flmoZnahJT_347Fd1XnvTK1-qFKbsY14Ue6plufdI4YTeFVFgYXrJ0BYbLHs4RSPXpr4AY10vKftZujOaf7PiFpOGXYq3t_sqDZL8KvYV8sDTTIpcoZzGP9F5egOg/mFtiQJlvMGt1MxteEoMWW28486it0VX9YU0CjoA8buM),"13285, 22031"
4425,Payed,Rhino,$1400.00,25/4/2025,Orka Oleo LLC Invoice 4425[1].pdf (https://v5.airtableusercontent.com/v3/u/53/53/1778220000000/x16M5MCftDU6V5HSO7HymA/S_oypNKA6KXkc0a7q7lxW0IAhb0jce4mdjaAauNR_K8k_VvQpgDdtuPuUMtIY-r-Zg1ELVKD-vKx73VdS_9K32WIGoNUalMAyBT8ACTA2QFCfhFD1jb8xXh8z_RGRaSVM9KAB0f5n8ErrERpcZZ6ppXR7AVm3Xc0gypraaiaPsVybEdNvTxoqnkCYRqfm8eV/5753Gh4ntjLwg-X49kGM_Bs0B7bF05A-RwvQGf6c7Vo),4425,5/5/2025,,"1230304, 1230328"
5225,Payed,Rhino,$1400.00,12/5/2025,Orka Oleo LLC Invoice 5225.pdf (https://v5.airtableusercontent.com/v3/u/53/53/1778220000000/y3art3UDmM2O1BIy1oCVyA/zOCi3ZdVOfuj_OqLyI1DLCYOuswLL_gF5QM4gR92tahtiPkbvmJq05zQdfirkXMfInlgUIpsUrNcGzbN6bN6iRhWq92CPXLev_cQa6A1zklcQjHOmHbUkd57Mdw1L7nUp9bNuGtTP6GGzgwawrvm6iPY-5P1D5fJlOdO19NYgxBw2PBSFIqnWeBS37mO2vr5/Bf4801GNn_OOhzmlZ37RCCIsbLkPN4oAknzvdEY3SXo),5225,12/5/2025,,"1231100, 1231103"
33,Payed,JCH,$10125.00,4/9/2024,Magellan #33.pdf (https://v5.airtableusercontent.com/v3/u/53/53/1778220000000/PHVhAkF4tLWXu7SUquFt8Q/brhD-ZuVnmXXQCrFMdqiRuKgdoYqyfztnVTY9SwZ-GRUG6feVNDXxH0umNkXb796xq_6CnkvqtN7QlGrdZM1rsTdIteL_XbOOPr1SkJNWzxBU5aM9NwDS__4G5WP2rw7Yauf5fzUsPoiB-JxzBPWsHlmMQqkvpSUVakG7WhlSBE/wPfzqEfZC8YgeoZqbJC6nxszVngpVbVyY9E5BvHEmFc),33,4/9/2024,PAGO JCH.jpg (https://v5.airtableusercontent.com/v3/u/53/53/1778220000000/FAs_UYY_tS1fdF4baIbIyQ/gMYuBDpWLNL4fD8NY79uYOEEOeZy4GLNrn2KwPRPiFwyvkWgxUObZ45WAK6IFxBcA06uqfG-Mp9dv4YrDqHnPlUwC9wqly_pZkb1qPzIChVCl52eV1J0Kpjz80YiBvzlKd_6F7b3-U4TrDGsvddn9Q2tn9SmssJHCjrKl_1WBA0/xZJkGfNZi6bhfGi9kH8k3Lq6IZSeN2w3e0XalaxRktQ),"234534, 234549"
12,declined payment authorization,JCH,$7400.00,8/11/2024,Imagen de WhatsApp 2024-11-11 a las 13.26.08_78634371.jpg (https://v5.airtableusercontent.com/v3/u/53/53/1778220000000/FvaVBPRjJBmL1USjWiTsLA/igOqZBbMO2RPyjp1RvffkgWTgIfX4pE9_D7Po8_iJJgW2tQ-4Q3t-xAkHoHqLWc7-eAiudApDLABV6r9snqroUNt8n4nZQ2vXnJXOSlAgaKzbC69nwgSJsG437eX4iXcx_1TSbToZFXVdxBCrGOly72ynOGr9udWl_slUDP_SyMGSVDSG9SBuEKtBDPGctu-zLx-e0IXRDTvQPD1Our2sg/yO2nYIMi2d-YFkOljdfJQrYluuj2Wj9-t85G_lOZeSA),12,27/12/2024,,"239920, 239917"
13,Payed,JCH,$41800.00,23/12/2024,ORKA Invoice[1].pdf (https://v5.airtableusercontent.com/v3/u/53/53/1778220000000/TxGauhofG4IxeZ-jnCSpOg/pWvdXVLp6XYqsvx9QgG0gmrsoqqSJ3iveTr3mP95PuBjuBKuPS1tetzh59F3vEfNUIhor6fD5AKql8HAZ7QZLYLINmMt-l8raXZtg7O7HQ5ndysUStnfpDly4toVSaAMwsECoT3TCUVeJ1gjLvnTrvrgzkprC8zRI5A5xXxYWK8/Fi-tNhciDMKb0MhK1cnj7ZgCW-dUtwIHlAddaH-ZVJc),13,20/12/2024,Imagen de WhatsApp 2025-01-07 a las 10.37.11_0f275cd8.jpg (https://v5.airtableusercontent.com/v3/u/53/53/1778220000000/qY24nOHWx-Hx8f1dhEVgqQ/4pC9fSnx-H2DYPSUdoGUoM4QYXKHBxs8nl7VsWAnVMchALlvdGmwbMbXuvGwXXiNPHEYF2sKPKj_Pu22O4wiivAwXltG13er0KVJYeOfsFmn3ZhRTec0Er1cESi7XqdQZHJzslLW1a9ETj5Lvhh4H4mwu7fxX-YkIz5IK3GLC6xe0chre69fM9irhmPN1ZCW8SSy68xn57iiHJMHWCmvHA/9ztEjDD63pCSSiIpRGsaY-8hrUebzVuwrq_FpNGwYKs),"1217381, 1217505, 1217512, 1217617, 1217620, 1217748, 1217760, 1217884, 1217885, 11319, 11320, 11337, 11385, 11396, 11399, 11447, 11415, 11455, 11454"
0023,Payed,South Texas,$27400.00,25/10/2024,orka-002 3[1].pdf (https://v5.airtableusercontent.com/v3/u/53/53/1778220000000/2Y_ONX9kyiVfdQEaRsu18A/RGB7P0sqFGx2RlLnCBwLFEJLe1e1u3xo-S_KZNbIV_HCvABemV02QWAm0NhvD-UbjLEIJ3_J93j51GJKBtD8Z76fpjSwA0OTmutsStzuaAXfmboeAWp7Oa9F1nA5QallJlaf8K18tUjLxIBcXOaxm4FI3iAS5YMMGjUZYFWA1_c/j6VnR-s2Z0bAjwAHkZfJaLrqZTY6NXGdE4k0sEeeCms),0023,25/10/2024,SOUTH TEX 25OCT.jpg (https://v5.airtableusercontent.com/v3/u/53/53/1778220000000/74VpgNF6my_XipqqHmK83w/XKZKBwRuND_CsAo-DYG1fq6IHENGd4N4HhHFcfqeZ2b3d5vTnX14ko-C5QEJlNXI40yjM5FNlwzk5BYy2_xu_HO0jmiobt4YT9hOSenp8oGN-KagejmjQ7fhnoMQiazUK4pOmjR2B0IVan5X_tSs1GIJo2O69wowf3oMIQTf0us/7HMTEJ-tSgHhTN-V9_vgIoj0gYnS_DjPm_J6i2Wm0RI),"9454, 9456, 9457, 9468, 9473, 9555, 9552, 9558"
1028,Payed,South Texas,$14000.00,25/10/2024,ork1028[1].pdf (https://v5.airtableusercontent.com/v3/u/53/53/1778220000000/i2vbNVNralf0okLsS3k-Fw/SjlASR4g39p4kT69dijpROPaW_1w-HQky4egbcqqkZ1tDViFvmAzN-t2HTHmzBGr7Otzpww_Xa5aOTzvSZf3HoXg5_aRYOFFzpgD4bt5bn3SfBh2t4CJ4BHHzq8NB0Xwiy_bpag9q5gtW2ugUWSO4G78G2Fgbmeamkl72uIzNPA/6TRbc8OdKOQuU60enVt9cVppR45eIOY4Knx5D6SBlZA),1028,11/11/2024,Imagen de WhatsApp 2024-11-08 a las 13.56.52_64a70d13.jpg (https://v5.airtableusercontent.com/v3/u/53/53/1778220000000/xTN1pg2zfSvaHIA0Jd1JzQ/Rs6k06cL4P1TjP8S33wMtK7w74MvE2UUXtQtliMjy0HNHKXfmgpEGhBVRfzp7uCc58MFbiKa4Byg1FoQYTDKF9H113P8eYKDLjLVDZ30wQKIQqnuIDo0JSOrvLzuBfI-VvTs_fc6IcpfpwIUdRUMvrUBTLorgWC4jvrjELtB2Mm9-IhJpvO75iBa4qdPVBlmJof3KaGVI8jWW19yLBzH1Q/0u_4UixqLvoZdvSONYp4liiNApUpTnDnqRUk3SR1mpY),"1211349, 1211363, 9633, 9647, 9651, 9650, 9655"
004,Payed,South Texas,$26900.00,11/11/2024,CamScanner 11-12-2024 15.11[1].pdf (https://v5.airtableusercontent.com/v3/u/53/53/1778220000000/yi8cR7bcmBLrFtviCWZScA/hVSG9e1Mo1O1t3ZMoCxeWFzEuwlI1jQN7LJ0W1xUb-K23FreuuMmvsKBaQUyfc6GA7lVc4mcFR_o74TXEUJBJUtlifix2BWqGZdlM2ZkEqrsbofYjZmRtzEuOJPkjnMw-WQAXG-v19oVkHmyTYzAlDQru7KwMl-y4FFvb7fT533qGPTuWQZfdTprsWwE92W_/51DJNGwDyxAUYHDxKHmgWxmMwAUQ-m5TrEqlccglOEw),04,15/11/2024,32900.jpg (https://v5.airtableusercontent.com/v3/u/53/53/1778220000000/NQG9gCUkD3lc_oLVvyr0Ag/mQpZnI1imzCTCltEURFEk34G9FmXhxRlH5Y07Qbo9ZwK5XBR_UYMghJCbQUo3YyTfKjBBp_KYk234rG6dlRI_b7ZSKagHmForJCfr9GpIqQS8LPhlgi2-i5oFrS2UjQcYyrngDNDeiXst143LuiJhA/rbwTdG5vAL6d_uEpAdq0VJbzzDndOMgJV268RtyMKZA),"1213153, 1213142, 1213182, 1213168, 1212099, 1212877, 240088, 240089, 240092, 1213727, 1213814, 1213825, 1213829, 1213798"
02,Payed,South Texas,$14550.00,14/10/2024,orka-2[1].pdf (https://v5.airtableusercontent.com/v3/u/53/53/1778220000000/oqljIfhD2XadfGnthvIglA/B3BwHm4bFgPX8cY2t3SuQZiOR2-qi1zJ3ic5VYTMK91Qs1pRK4UkhQEdKi2IEF1a4OgPjl6JLKQemXTQ7GTxq9nqTHeDr48nlMf3xyHKeipXewsoA6Bvg-JxLz-NEypRa3TZcqsiiEA4gyHSU7zQzropkD1kG6QPchcm-1BzV0M/U-zuCdZMd1Ngqha8mfF-KLd51NG3n8164KVfIc4Sjzg),02,17/10/2024,Imagen de WhatsApp 2024-11-18 a las 10.06.49_8ed8ced0.jpg (https://v5.airtableusercontent.com/v3/u/53/53/1778220000000/VvV_dj90RqVf2dVcHFOdQw/eW5b1TvNX37GuArBDXhAhcCsiQL-xQvdi1y3LdX34UGb6KnulDpuMmtbB3jLe6o09EoPDtNVFA7Pvmy2RazWRt0-FpODuFyzE5kRrjA6gcUIfltkaQtQ8nZu-6XYIOqqT4i1pWV-M46uwYNDcihJSiQ2fNgqU6guN0SMXgSBSnxvpYwiVhXctLn3YqAIV-EgLrqQXgtSUIggCbVJvjP0cw/3u1-L_H20jIwsZoPejO0opO_ybaAfUt93RES3A-eNyg),"1209675, 1209670, 1209673"
05,Payed,South Texas,$6000.00,18/11/2024,18 NOV.pdf (https://v5.airtableusercontent.com/v3/u/53/53/1778220000000/DZQqIIaCLT7qLExQqxq76g/_2xHHOvCv-47PTc-qSHmzl5V1rJblQfjKv6yx5iV4y8c8I__9f8xNIHs-mcMCZ5TxWf_6fhUaD2eGDP6fan0UQs3I6PNBDJLFCQNth3Lo4j5yzs-3gA-O8FTC16WJXatQIwi-hnR2Ig0j2U4hZLQaA/hUc6v0ubViZVJgKJcuk7ZJjl0SSgar3tLRswvH5CSjQ),05,22/11/2024,32900.jpg (https://v5.airtableusercontent.com/v3/u/53/53/1778220000000/wQJjk4dX_Uyvl3t8GRv15g/3jb1ejAX9bordCE5LG-_v6wd0QuiiXwzQhugrjyY5IQNtoIQaZOaLA1mNvhJaM7SmLrAU9n1vV4UB2xrvv9pPN9tFrVrhH6h1XWpVwuu1qrPqf_B--IPJDT6aeZ8S63PVuCSLJcQx2h2QNVNX97bnQ/rFIH1sCIn58-0C9hmWiS9pAnn9jLXqF74PzvyxV1w7A),"1214452, 1214461, 1214496"
006,Payed,South Texas,$14000.00,26/11/2024,ORKA-006[1].pdf (https://v5.airtableusercontent.com/v3/u/53/53/1778220000000/wullo4IW2mfUetGz97hkZQ/8Roc-nrWs1d17po0RZwiQ2bz9dubCQ0bfCCSF9yuGDZsNh87klqDKiSp8VtuI0aAoakogSprtGoJ9lBlwameiB1x42acaAwQgs8e0CiK92-KTd0vvuRuuAR9BynBcy0k3AJpSqCnchDwQu9QthUkEC3UqHWiWOhg2r9DIsLs2YQ/Yl8KF7oiUPAxgE_FWbtZPp6IkfCxamguccmohIewe7M),006,27/11/2024,Imagen de WhatsApp 2024-12-04 a las 07.59.08_b0e247e8.jpg (https://v5.airtableusercontent.com/v3/u/53/53/1778220000000/YnNS5v3VMpidRjIQ3JoPIw/lcwgVtQrGu1BslHHPF7vHSEUN6ReogowOw-cndcvFFfjZX8A4mmZNHRRclfXn5hAusQ32cehndrOFp0B_bmxYMbePgl4omh623k0be1ZOAvq6SKFDpub8LX9yvvD6OI7GJNXGHpKBC-j2KrzawZhUVasIbitLYBVe6AsDo1Yu310cgPJEaW9Yq8rb-8WmpI5Awlp-HLu-Fpd6bveiruuUg/nkmMaFmH9IdntMy4Pf-sHwZbm_wnWn8PbRNjgKkTxuM),"1214906, 1214940, 1214959, 10531, 10615, 10616, 10605"
07,Payed,South Texas,$16000.00,2/12/2024,ORKA-07[1].pdf (https://v5.airtableusercontent.com/v3/u/53/53/1778220000000/A8QcdDdw1WZri-Fuc3qRLg/c9e6J5MIMH7zgqBJP7MKFXll_lq2t_lzhO5n8aCN46wG-cL54OazM4kDK-n_UPOwM0hlvH668GwEVHuXFBcP2l1aYZvsRaU2VBz3dn4yIOVdUhnRDot8vDGJn1BvXz5VPV6egAgRwy2RYIzZYfRJSP0JSP3ROIE9sfNTmkWakls/rQ-6OVHTQjKXqCYElc_PiP1ZN_bFctgJc2_9696C0gE),07,6/12/2024,Imagen de WhatsApp 2024-12-06 a las 13.40.37_115b8194.jpg (https://v5.airtableusercontent.com/v3/u/53/53/1778220000000/AkX98snpSLCAVXIBX68FBA/UrjI-cWaPhtJR0J-R7V7qa_dlUjbhmrdJsfzR5zxx6cwGD8cwM_RaShlvwHyDWEC_GfHiCe3-hXU_FxNwDIrBAatqQAzfg4GSVRYq2E-5KUdmtJBP7GITu3QtfkS0fdgWYknw3wzh2ZNBy2_6U9b7qPWLicMaPEFVokSbkOfkpnIad16XNAcIZuZpZaAGoaFFnE-yMnAcAMZ7pZmnjy9QQ/wwGXxUL1yNuJ5JOOcLfmkjKIWYjcZVNhyDs9f4Cb-64),"1215765, 1215764, 1215771, 1215794, 10864, 10870, 1216111, 1216120"
077,Payed,South Texas,$16000.00,9/12/2024,ORKA-007.pdf (https://v5.airtableusercontent.com/v3/u/53/53/1778220000000/3o95njk30n2nim0fGJB6Jg/VMnjVlKb_oinf7wT5_w07zZIehupJvi2FszDqivNNzl33K-kLc_KtsPD0mdc6ZIdgtaXC_y-XMVm0zyCOG2buUxBuXAaBvODO9gdb_KaRxWhy1RNOwxo3Ap4jKCgmzTPKpe8P1RorBjWuJOj2cduEDI4HBVF-mPa_2OhSaPKHqA/5r_TwMzysb78-_3l36mXJT4dJSsKI53eHyX1wk2E3vY),077,13/12/2024,Imagen de WhatsApp 2024-12-20 a las 11.06.37_dbffbb19.jpg (https://v5.airtableusercontent.com/v3/u/53/53/1778220000000/oPdvwAs0g4sN2JrPQUKEIA/GXT4cX7n_SNmxAuFezWnYdANB1CmpzBmtaChyT4q-hB4T-4b9R-_O6eAKZOGMMpmWYnh7IgnlNUCZpIbRZ1OzgnFBbtS4Odpw8Z3ZV2K1qEDSAjm3ASRNGYo0FsRyQKN5C2JYJB4x5IWvh1LXSweoUC7wMtSkXpriiLVxZt2nPsuevSsYU4WtlG8Jc6FS3tai43zlIw9U5Lke9gd2uPMzA/_aRJwoz1g-6xXua2fRcfembOR43T3mSZK5z7aIV1x34),"1216227, 1216301, 1216300, 1216235, 1216299, 1216910, 1216937, 1216775"
2012,Payed,South Texas,$22000.00,23/12/2024,CamScanner 12-20-2024 18.23[1].pdf (https://v5.airtableusercontent.com/v3/u/53/53/1778220000000/QiLcuzCqaHiK2Z26Xj6EaQ/rfrByfxZPmKVDUuQTudMFDxqFBWlUvdRHya_fymN4790rEj-m2nS67xauPpN34mHzS8aymZN24HalWZmZJd2QXHGKqvRJ0hiGnolmZiohJUKbcU9V9vdKrRCcYWTpwFf6ug5NyELvEwp9GLqg1qWLXvAyLE6f2SgTPVzWTPz6oUSwG5rO_U7w706zu054_hP/sg16CwER1FkM18tdziQZXzho4yMA7ypUejgGojHsvrw),2012,23/12/2024,Imagen de WhatsApp 2024-12-23 a las 11.11.03_8bd7a7cb.jpg (https://v5.airtableusercontent.com/v3/u/53/53/1778220000000/LjAsP6sGi7qNMXsichyN2g/To5IiEu5YuJa8kjsGlylLm3ejLTSSeFrXr5k_qlRtmi15k3j_Dw8jCqUNUj1wCHNFMdVy4nPJqn9zw0jRnlKy1DK2Rn9lf0fl1kqfxZRG53Qutp1SdGDYz-8qVk36EIwJOgGKe9JtoU50AnK8JoIomNKguZcFZ2wQsHQcdFoj0MZHqARXYHiX1qVEcmzLieKIVKW2gPrAC94gkAMY0NbCw/kcMA7ckZp0KQAKpefWIFaGZV6jPo76nbXOv1Y4vsKVA),"1217335, 1217485, 1217496, 1217649, 1217755, 1217900, 1217910, 11334, 11393, 1217919, 11329"
01,Payed,South Texas,$2000.00,20/12/2024,SHARE1.pdf (https://v5.airtableusercontent.com/v3/u/53/53/1778220000000/r9pUjCavISJ4SfGOCsXN-A/s0wyQub2lYc3hJ_IDtRJJkHZZrpZGwyLBbl4iHS4yl_33nO38ijMBf7_wIg-knWJ4XHZ11b5GjQGDLBDTMzR1UMamsGVUI03i8h5SK4FF70yFIwup_2uARPIhyVemclNIhNCjo5qwphsBMNRvzqwEkr1ARjMTMx_GM7erKTiZ5Q/TCD-Oj96zW26GQyO7u_doY_XpUHA6cAWrSbmOP97H1Y),01,8/1/2025,Imagen de WhatsApp 2025-01-08 a las 09.39.23_ac977245.jpg (https://v5.airtableusercontent.com/v3/u/53/53/1778220000000/0M4cFYYEusPWQ10Lqx4EpA/5020qBD6Awt4MyffKxeCS_cRZK50Gs01Cy3XU8TurfdT7vb_4YpxHyNkhfGkZVaPNd6z8rCztvPdAzSsFG19lVeshChwiEYhButsmAs4Y0rxKf3PMl7yZTs7mkARX_iPK1qrecjNwILIBSf4ybTe_rR6T-xDyELAW2v1sj4U5dg2t1m0GuzO5S0-wmwjqXGNR1UIaskPGzxdVaPNTrVmRw/t8AuqF1VjZYi4NLHbsF6XjO5PZAuWi2C65Xuhyxdeds),11546
1312025,Payed,South Texas,$17600.00,13/1/2025,132025.pdf (https://v5.airtableusercontent.com/v3/u/53/53/1778220000000/98hKj3fxctgQXGm3uDGazg/_a6xBGWnsbN6z0ukECiazf78JeEQ2TYMSX3ucxlY9Eci4xWxMHjhedJxTEGBK2EirlSAOzB_124F0yiC0Ng5vYO52Jf8UfQAN_NI5JEOuFHlNKfe0XCt8sx5L-KE8uD8dnE7rwdqtPy-qrRgHv5-rJMG6BswuBgl9y1iL943HdA/XbJKNMIKqz1y-wz5fIk5w1bozLPwWWA2CnybwKCCyCk),1312025,16/1/2025,Imagen de WhatsApp 2025-01-16 a las 15.31.37_fadb50d1.jpg (https://v5.airtableusercontent.com/v3/u/53/53/1778220000000/HadKf2yGvYJbtfBtnBocPg/-UvMvSQZZP8wL5H8X8u-lODcwtDZ--Ft0wuzoVMlbpkWPcWxFNdIg6CtYRUBoEBwjtPcCY4b_klBaytZDu5KUHYGv7aLWF8xkDf3BAiJ7ziq2QsdZco4S0zA_M5ZWk2qDxz_aPR1_M9CqPyDDda_9X84PAZR-Saw3cogHmXRCDlB62ybycZ5B2Y3LGt4IToNHntwn28hJHfcGrMbfwpEqA/s9I4prV7cGW5HnjudVAssirz5yvEs1GZ8STJHsO2TBU),"1220458, 1220534, 11823, 1220372, 1220519, 11900, 1220541, 1220537"
17,Payed,South Texas,$19800.00,21/1/2025,ORKA17[1].pdf (https://v5.airtableusercontent.com/v3/u/53/53/1778220000000/B5PEl0p7DP6FBNP3qRTbFA/TN-igsSJJT9kAYMPHW0WGNTCBr5p2KwZgGN--klhmAnOP2Q4zYnJ1WZvPm8HIj5sZExNfzbVgbZAMlgpOEmkvOilWuG_zyNRmwOdWGZIAPGd5OEvXD1Wgc8beInZqIXkR3n9U_2D4MFm4v_4tF2C3mLLWLkWI44ZuGjYD9YOsiA/BbYxtJQuKcoURnBz8gE3mUrH-Cyxq2CKRsksjRCu1d4),17,21/1/2025,Imagen de WhatsApp 2025-01-21 a las 11.38.36_74e2fe9e.jpg (https://v5.airtableusercontent.com/v3/u/53/53/1778220000000/fzlmsrzjQCO9uAGwc9x_yw/izPojeex52X1nOaBhw4A5Gt2g2vgxrij52KhGAOagk2V8EEVFJoey81U_l9okPrrTupgpxe5Re8cJmC2Va4de8W8IuvuI22Ut6_fnJ-ogb3B8IlzecDJbb1ZVOGqWbsRaeaAyLy5bNAW0NF_08dPATlWbSmnr_XRkqRpqj-ZrK7B3WaHjlisCtGIB_N1MzYE4yVrHHlkCDYmyprFyTWpyA/1CY9jK538adxknnQHV_NIiQoTrAKIPAiQvgyjsTKFlM),"1220828, 1220999, 1221197, 1220960, 1220964, 1221264, 1221257, 1221249, 1221218"
0125,Payed,South Texas,$39600.00,25/1/2025,CamScanner_01-25-2025_22.46[1].pdf (https://v5.airtableusercontent.com/v3/u/53/53/1778220000000/kAOM5UC_KhVDdOMoWKS5Mg/Mb7JsLbnJoNhIsCFtrIoZxjlAgcpGr97rTaXCwaqWrmMm9P4kPtB4rmbf7q8sC-rhZnddqoGh4VZJZtS70W5Mis96LHr0b6Bfw4L3uoSznvPHVNB7YkeqZM6NP4rhm4Q2X4-bymOHUN_1Vnlv3P-SN37YyM44LrHZ92dEqqjeChtj6wzPmCxvSZ4lRBJKchh/uFauaukfX9msRfXJEEbOSLEcx8-4Ck24zAboEAPgrag),0125,27/1/2025,Imagen de WhatsApp 2025-01-27 a las 15.16.28_36617fe4.jpg (https://v5.airtableusercontent.com/v3/u/53/53/1778220000000/ALdIfR28SvIoJK0-HpjCAg/B73Ioyh4MpFLxZDjqJfCX-TX_em5PDN5ljR-GTnJXapkO5Y21E3NMNaF4h0g-wO5PIjtgr-4tb__i75bOw7kp5WWfQtSMvL_ijG6X2Ne4wQ3q-rq4Rm0KO8b1cBwrjCIyw0f2M8e6hu-DBHkDpUvqU0wiLZ_XVA_lPGVeeJV5RO6MZaF7uf82NFjOmC5AHJREbF8evyAG8sDn1lcAMANxQ/c9dUsOzCRxnx5ETIdyhb9hq3kcivhsBfd9txCNSgIQc),"1221535, 1221601, 1221547, 1221550, 1221536, 1221650, 1221775, 1221791, 1221755, 1221801, 1221817, 1222073, 1222057, 1222129, 1222025, 1221966, 1222093, 1222118"
0302,Payed,South Texas,$61600.00,3/2/2025,orka.2.2.25[1].pdf (https://v5.airtableusercontent.com/v3/u/53/53/1778220000000/0th56eARX-kBLeN0N-KCUw/0qjrlHJNOZxi_kte37PnmB0JklmYfCXEG74mK3kRkDn4hM1FgZISt885rdRiXGxVm1wvpHQ01Sj6aSip_zU21OO_VDfogoG0nVRhGkB1YgVu7GFzGu3RqDUyi8IaC22kKwdR1dURg2Nt9j1CAgAS1zm6emQTGaBOUAX-pNpfCts/FyKyPSzHLZxQhuYUr8o3E_4LxxH93yMgTjeroxdo8NQ),0302,4/2/2025,Imagen de WhatsApp 2025-02-04 a las 08.08.02_ca1abe38.jpg (https://v5.airtableusercontent.com/v3/u/53/53/1778220000000/ob5D7AGc9psmlOoxMV9OHQ/XAk0NabyRvOR28eqvHDkjgRSBVnfu_1USb-qBT9bR8pb3AH6wOq78jflz_oIu0U96uffzZHZ5HqlJ2i9dE_HDSCq66zb2jRR9pG8zOW1YmIZeQoWojPjvT4gR3msK-upfpLVMfZy8E1OTAcqO53gH-u4_YFYaIxq4eaE26ApNNkoS3g4t6A9OZAMvy3YJFieAHdfz-B6hG3-EkCxOEXfdg/PTlLlWoHJiKfYlg4rMwJIOaZnZL8IpwGk1QuqMfiLts),"1222336, 1222345, 1222355, 1222361, 1222371, 1222511, 1222593, 1222646, 1222657, 1222670, 1222682, 1222683, 1222716, 1222972, 1222979, 1222998, 1223000, 1223004, 1223005, 1223011, 1223114, 1223164, 1223173, 1223221, 1223288, 1223295, 1222285, 1222295"
1002,Payed,South Texas,$41800.00,10/2/2025,ORKA2.7.pdf (https://v5.airtableusercontent.com/v3/u/53/53/1778220000000/Xe1FzXPlYUq3oFmfuSDjtg/xllo2oOrWWdfRMwzf8coLcmpO3Jtsv96sG_SELsB89iw0OtdxTqDm7NrXbrhN0asWtulFDNiVqWXsY9pcITyWpSTcSPTu3d6wxBN2sgrfyDe-wky43bmFtEqXZkx3xgI7oVKVNYeZmv_Z3Gm3kZ7CcfjbLbNaS2N8HxlrmGnHG4/LbnNuahZ82qFn6oHUBoUtxEqU44OBVBSDPAeUBmyfRE),1002,14/2/2025,Imagen de WhatsApp 2025-02-14 a las 13.31.49_dd5a8177.jpg (https://v5.airtableusercontent.com/v3/u/53/53/1778220000000/lAqRrM0SQSem7dAkoTe6OA/DsdQqIMHHMQlATfFy_ZVF7zefoBpb_NGn87HsdD4xVnEpB9Pu2XYkTjJgbTsHtqsXPuna7Nl-it1-w7jbHWQdTesVJlWsEu8awKvjr6zUIBt_vNn0ARm15Jn8CfazBOLk4TcLPJyIphH2asr-cXws9yN37I4OZqr8XQ6tKMnVccEOeuXYZhOGIUPmlCf5RI3Po8LeW3LP6hkE9wvRDDSeA/Vdpg_k1Xia69DlqIom9zr7Q3kyfC-sy5yTL-zaqXnBQ),"1223452, 1223426, 1223471, 1223404, 1223480, 1223430, 1223437, 1223689, 1223697, 1224104, 1224095, 1224135, 1224289, 1224222, 1224246, 1224291, 1224358, 1223477, 1223464, 1223678"
1702,Payed,South Texas,$26400.00,17/2/2025,ORKA 02-13.2025.pdf (https://v5.airtableusercontent.com/v3/u/53/53/1778220000000/-LokLbzNqdDu-lc91amm3A/Ax53MoyorY69c-hOH2HSAexVCYGyPdmR4_Z7bLEPflCQDk1s14Y-gfb4QouBBMLJGzq7vZHYe-D1Tk_q0fNY1_cvNnhy7ZTzYug_zrBd8PSnlby2tODfgcVuswwodepBuKp8UcuaRlJPSgV71XP53V9R74BtbNRvHlpdQkPtLGo/wCY7sYrHMMw_FJHnV-HxZOte41J7IuxqmCNAwMCFz18),1702,18/2/2025,Imagen de WhatsApp 2025-02-18 a las 14.42.43_d7f6bd08.jpg (https://v5.airtableusercontent.com/v3/u/53/53/1778220000000/PnAre4uvFyuxHvcmg3G_sA/7y112MTL37hegq9qsKVxU3vY9K29-DeXs_lMzGzpqUwaa5D19OaD6Is5e9wjsscSuJxKsnOUIY3TC-ZssOWxjdnq5HdKYet6rqUY6sD0TBSyzYQQAsm5u12XI4yZ8GlyEgqxgPKaZu1GI5Nn-6K70ZLdwkmVTvda9fJ_1DprrxogutPB77546Er3HB-7WNrTzMLQGDx6n7Ma0fkDhxOrVA/5GyO0-Ombo1zWaEmY9gOxALsARv98J69eTbYZDDx2ME),"1224675, 1224692, 1224658, 1224705, 12730, 12694, 12715, 12727, 12699, 12704, 12696, 12746, 1224694"
2402,Payed,South Texas,$17600.00,24/2/2025,orka2.17-2.22.pdf (https://v5.airtableusercontent.com/v3/u/53/53/1778220000000/dQt79YUw11Ly9JXMZDOgRA/THSQLkU3W7QcVPiLN0XVT4RHVKo7W_yBkLCItTF2iazaV5de7PKfqCrGG0qhc2jy4DQTi5Ue35IBg48ASv3hApYZRIr86GUDpxyVGTcVzoD0l1lWY7_kIzQOjcqPJMnS8teYkoghXtptqVYzQ7ku_l6Ch3h5kY4bqHVI_xNzETk/5nhtB9seKO1jdkngcL-qaG1gQpJFurjSjuHyXySLK4I),2402,24/2/2025,Imagen de WhatsApp 2025-02-24 a las 14.53.26_ce33b549.jpg (https://v5.airtableusercontent.com/v3/u/53/53/1778220000000/BFp7lJEldbv3qHrJXEj8xA/FuKWiE70gcbco7ycpFGP7cJ2DVufUyJe9Kz_Gs3IESCq8rQrNTqVcgBsBRJx2Jh3KBqPFi3Xh8-tIcIEzuTV6E5zi6GlzTeHnP0MyrMsbC3haLzyFsiyWPGgiqcO2L19cHd_boVE4tBWJ-zN66AZ8o04zKOi54wCA_7u-4P_nR7qVLfGDNamYagP9CUe0MGWeCdH9fzPLLfb8h5oaPKfCA/W3N4UqQ7jYb3UwNrNgcKQuVOdyNyZ9ktX2rSLHjPrBs),"1225060, 1225119, 1225132, 1225140, 1225155, 1225142, 1225029, 1225146"
3173,Payed,South Texas,$23400.00,25/3/2025,orka317322.pdf (https://v5.airtableusercontent.com/v3/u/53/53/1778220000000/aBs7UP-9y38i6hmt1mD9UQ/QjakOT3O2-a6-l0BDlBY-GsqXb6__IcDG45h9_o_6bWcvxugih1JLvGnhEG2-TjNfALa2xqRuXy5n0Zw5bcAqSczZDxIXkvBLmu0SIugo1hhyn0mjoLL2VSaTDvAwh7K5mQUrgnZARdcUFeg-5bncO8-A0Rhoa16gHCMStLEjG4/N78F9oRgIgFA1dCk6bH5Py3Xmd9JNQyGd1lrs4gSv0Q),3173,25/3/2025,Imagen de WhatsApp 2025-03-25 a las 17.55.32_19c63e81.jpg (https://v5.airtableusercontent.com/v3/u/53/53/1778220000000/eUiNsCeCT0TX7u7rQFN8sA/-O2UoOo5Jv55jtn_uWHI7y4aPCYqhRrtcLjfanPT5sT3idr_FJQFrtvW_lrozx_jTLqYqBckhjfpENRYo8_jzrFiFrtqpLHW6s7JpUWJmE9pMwLnThoeuPzEGEgadnKRaALZ4rXLBM9cp2O2pjx05SNEt-IF-CxgKX7Yoy-06E-j-9oSFtrekwuEoi8H4DhiHGQzCJuGY9XIaeIUG-gJBw/sy07tNpYFI2-WDmrp0hA_6pyvz8vYoKfy1rhpM05IYE),"1227920, 1227905, 1227888, 1227851, 21977, 21983, 21985, 13279, 13280, 13281, 13282, 13283"
250325,Payed,South Texas,$17600.00,25/3/2025,orka3.24-3.25.pdf (https://v5.airtableusercontent.com/v3/u/53/53/1778220000000/4y9BP2bkxSH1TNE6gqLmbQ/VdTfnez2BTws7hcKweE4h4RfsaH_aIxZZaAN3SJPz8i2JUNf8qUOq0ZXomTSi_HuVtiJfW92mCXA1tZzt8Vqjy8CgoEH73vNf4GwMr5lhd1GRDXchjUxprVr3uJc9mV6bVVcMwufkjptsTAKF-VLZeprg-jmFpBlXpnJ6AbGf1s/0T4g7hct72-hjsQwLK8MKiAzU1GNhUbWBSw5GraYt9k),250325,25/3/2025,Imagen de WhatsApp 2025-03-25 a las 17.56.19_bedb0fc0.jpg (https://v5.airtableusercontent.com/v3/u/53/53/1778220000000/H8oldPOyBG33vcEWHrWGNg/LAiP9hwNSMkjwklvMH0wqMCxHTmvkkpImJ6KB9LNXqThjJ-mAEffePebPJc1r2zppNp1jvnygJgfyBaThIERdIfccdoyNrwEjwZbwvleC3fX5ht9Jfx50--d1FUwh7-L2DvxUyaIkhALthgAmnn2gpGiICJjYuv_gYfb7JVyKrGvO8l3ZNFzpshP-E5-epsI38BVQLa1QQdudcDrOOByWw/I9nK2wxOCuOcMHZUqzGrtPQHn_e09ck8JRdGHfaXggg),"13304, 13300, 13294, 13295, 13297, 13286, 13291, 13289, 22032, 22033"
001,Payed,South Texas Fuel,$20000.00,10/1/2025,INVOICE 001 OLEO GP.pdf (https://v5.airtableusercontent.com/v3/u/53/53/1778220000000/WaNTdsKnDPe0oEV6bOl-rQ/y2cTyf8PJkdPqK4UfeuRNlHardtLo3Ow97RUSMmuY7qs8TfwapA-CPBOLZUgk-2mDkuOgdcevZrLOtYkKHA1y2zntpT_np9vEG1GUJW0VlFcKhQCdX5jYDeWi4dxcsQZmfNIvJvvSlObEE-_W7kTfask6-4Ye-X7YbC2KiZmUDI/pjX2VDUtju4q2niGBOg9AFNJ8u2VH-nMLO4gxmco8Ws),001,10/1/2025,Imagen de WhatsApp 2025-01-10 a las 09.02.43_24fb02e4.jpg (https://v5.airtableusercontent.com/v3/u/53/53/1778220000000/tEJHmtHGbzvciyWmPnAlWg/M1gfH7NNUKfrbFpmab7gDUlRDgts7v7eGAd7S1NG7qDQE9R8TgKfxGyVZAURDor2WKtvL5PFxbpt_Yqk2XerPPCK8SsE727E69k_XnXr3tQWhWfDPeCZ26-VoX2ilPf9Q07DhuHA4omxn0tosgKp27JZuBMP-YUtCF04RqBKGFgnLRaQn_CvUDNpIL09dgpzIM2-nmD1qtfFzh4KqNicgg/K1_j743biYV_b0vj2Y01gVRCtxVjK-WWmiBmNMh_OpQ),"1220536, 1220527, 1220529, 1220531, 1220518, 1220533, 1220535, 1220538, 1220539, 1220540"
002,Payed,South Texas Fuel,$12000.00,10/1/2025,INVOICE 002 OLEO GP.pdf (https://v5.airtableusercontent.com/v3/u/53/53/1778220000000/F1ONreNb_J38WPwbRjSYow/Dw4h3BUg1VsPlgYOGqSsxAM-xVS7KYV6sNyInDpkIuvyyT1dLXvk31Ad1RYDJp7na0y4R_hC8FQ66GVFaDnGHlP-HnN5fmf0B6KxW6nJxNWO6Pgb9T72rdP1PzpuuL7qQ8QKe0p_d8zI93Wkb6CMDNdtKqcB0LTiRvsGeG-fxVI/-FN-lPOWw48RUEoVXvFpK-0RQIF_udptC3ZlcBu4B14),002,13/1/2025,Imagen de WhatsApp 2025-01-13 a las 09.02.27_d26a754c.jpg (https://v5.airtableusercontent.com/v3/u/53/53/1778220000000/TlvBuc8FLuYlEwsmAHVIQQ/9gotofybKuig7e1E1L97qyaTKiNvQha_pvOVNWtxO_MK8IW2dtMKLeBRaaE4LS959y1WAtJsm7zrpEz95lsI0ySQH1UNEv52j_60fY28Dr3uoCaCqiKX_0n5dQOsJ8jH8eftXQxJrdFlfT69ZWs9yWZKFsYT0KYskKOPTRK0uutTA0BCoBMpaAa5peEW9vcG4DhAQTWypwZQO4EiVyhHsA/cDQRFWGQ-2kM___ewpRy5OEP9UtksnVPSwttHrO14PE),"1220634, 1220641, 1220648, 1220652, 1220654, 1220662"
003,Payed,South Texas Fuel,$8000.00,14/1/2025,INVOICE 003 OLEO GP.pdf (https://v5.airtableusercontent.com/v3/u/53/53/1778220000000/a76-XuVLAJ7q45QxE9O_Ag/wz4YG6wrv6rnnNv1KCA9tzfW1Hyp7W2_tU1zlFXDvjlJuY0dU_2HLECRHnSoH-ZWrqArCx0nZ86hfh5tm3JqKmxV-IJ6kGpip2X5lcaqsfrZV7itXmQAQOQaoHKxlG6izg72315R5GJy6RzaPEghqkl_7wJeY3coYno44ArSm-4/G4Dcngh72_IEdJhxufXnRCEiwuwhZR0Egq-nfrQmeHk),003,17/1/2025,Imagen de WhatsApp 2025-01-17 a las 09.47.33_c9e8b20d.jpg (https://v5.airtableusercontent.com/v3/u/53/53/1778220000000/9ZSAWVn9Y2e5F9DI_TCXYw/TdCcDS69GIsMKAGw4TPENH8HUz8zfs0O_pVDZZAAzqBEj59M-j8UbLL0qQuvLKwVSEoa_nFwfvHtGYgN5h0fuyeQX72F9rKQ1QTC3C0yckFvlBe9uG0ttRWzkp7zxKsT459RVxT9qQdmgEvxCjshrRggVoYXjjnykmvQneCUGJbnNwUihP8-pQ8i6WHl2ZmNPQdK7sg4yonUiCtRDyT_iQ/Agj9Qeo8x4uZrhoOmF60XIxqmqogKsop_iyAPu_c9JQ),"1220861, 1220851, 1220862, 1220866"
004,Payed,South Texas Fuel,$10000.00,16/1/2025,"INVOICE 004 OLEO GP.pdf (https://v5.airtableusercontent.com/v3/u/53/53/1778220000000/GUY_XEyo8ybITZ5zpu7ysQ/IXP6qqH4bQu3jrkRG4pCiQgevoYoaTqPnRNIJLsqEFbXNF60QXAlHYcn-47UYxagu_8TX3lg-EPR6Z1ujr3cC-ex-Pn2jw9ypSDwMR0FzETXG1OINC3EDFqNrkPIr9Wrmbux13GEopfRPAWjoPNsiL2CaHtIxv8rdL3rKTpUfYQ/OjuCtmXj2HEFW3f8T4jmcqkLrxKMookxXQTpCHnS7Pk),INVOICE 004 OLEO GP[1].pdf (https://v5.airtableusercontent.com/v3/u/53/53/1778220000000/hG6kACusKCVCcOD1zwlyrQ/q88DzqP43ohG7BY185uvOgZkQHCJlBD0EYX4Hd9-K7vpxmUE77J-A0HOlQ_0Tamg-kyP2kUyLmU7Ryfy0CBZUL_xY8f4oG41NrRDeD-PSHmpIH-_2eJC_RxJiMKAXBgHxDHoKTJDn4PIsuo0NUsb6y7fbMuXUFaDqOPTB16_rFg/FBJB6DFrJ6VwwuG3M2pOy-6dNhJpi6nkPTIdXoWJxOo)",004,17/1/2025,Imagen de WhatsApp 2025-01-17 a las 09.41.16_c840b40f.jpg (https://v5.airtableusercontent.com/v3/u/53/53/1778220000000/XhIo4tY6Dil_7fYq5OzwAA/ZdTKawfmEqYt8CCmDMVYF0EoMHocn-uLMLi6DMk_efWbEdHKj2bJi32aUQ01RGWFvSmurlazpf6aD_9gASbUtYb-e-Q7KzPlc4WDZACD8jR7ioYSBHjbDaZuoQPw4gji4iEn6yRcCY4yZAEdVzcndd7l35P5kWIIR1u0R65DZY2sJcJB_a0AgaXGpQ6KlqGjiV2h8mdCCkqjCvkDj2gJcg/Sx2H0N7sdg85OTA62WvQbrDlL3T4MqyHPZhvfLR10kQ),"1221168, 1221169, 1221176, 1221182, 1221187"
005,Payed,South Texas Fuel,$20000.00,22/1/2025,INVOICE_005_OLEO_GP[1].pdf (https://v5.airtableusercontent.com/v3/u/53/53/1778220000000/pb_WtEgRlpoY2ac5G_AE4g/vSNlKGh1r7g7p_lN_V00S-kfv0mA8BzX4B30fLf7bTLuCa7UlEG4GbqPYQFshnRiMnFMwYGdSWIxrkbGLI9pqi12A1RCc5lKbAWLydOAXSSXcIjiDNRBWat9eHIVg6u2iSi2ela0VlgTKBsI8v_-imo04c0heRCKW4ShuflxHCM/C3DbPPhwOgDJz2ia3JVsJ9MQJEz6myYUjkcGCJvoTNs),005,23/1/2025,Imagen de WhatsApp 2025-01-23 a las 10.22.22_f79dbf63.jpg (https://v5.airtableusercontent.com/v3/u/53/53/1778220000000/C-vVjeFZzR0KK-04JXgMQw/Y5rv1-I1rRMZ5_gsRPniiy-LV_vmoMBfVLW3x9KZWf-ma8uzlwsxoHiywX6v4vb5mfEdOCnxEMXVTuyrszjy6RzjlzgsToMkVvOnpm0L0WMxtGhdzk6xR0hCbdDWaMmiz-zi4jWghSlNUVmoiBOdGwXGLkGpHWLKgXju1uB84jdIS_kBD5pLn80jdgMkPJGiZrnRm1w9XgMV55SL_jujnA/B2AFlhjiPB-jOoBQvAu6UmGsifudtvf_S5RVfcsafsQ),"1221661, 1221691, 1221709, 1221724, 1221651, 1221717, 1221735, 1221754, 1221669, 1221773"
006,Payed,South Texas Fuel,$14000.00,24/1/2025,INVOICE_006_OLEO_GP-1[1].pdf (https://v5.airtableusercontent.com/v3/u/53/53/1778220000000/TP-kh8XxRHgMR4ng8jK7HQ/VDNt_riftBg2_1lb5a09LLELnv44-qgqf1WIRJw2aNHB-SK0ZGxmBONKdnuBNwsRYfqj7qmnCTsQSa8Y8p96KP0QAEiGfGWxGYhWjlBVJMujrPRWJEQKgBf3yhbskpLXHlNCWXlGw5oY7fvcWLyE8DO64tZElxJbabXT6o2jBqLjZGZQFpx2MaicapD2JvFA/h-izqJW1q22Nz9IMuOZnnfL9xfMM8hSoUB8Mwn_XvaA),006,27/1/2025,Imagen de WhatsApp 2025-01-27 a las 11.33.45_15979c34.jpg (https://v5.airtableusercontent.com/v3/u/53/53/1778220000000/bD_2us-zezHtYtOsgLaJvA/8dcs1Vy9dLe2SArNfyGVHRrJguf34cIXmg98vv9q-dKMtgv46OBCP4xcE4-Z0a7D4FqC8_yebmy_u1_dJCmFJmGyuXydMmKKXYz1Vbv8ylmJY4DJnXRtP5cJmQbfNHNIGUiM8ISg2UjUDXAbulOnMiTZ6HI8DFukPCBc2KcbuiO9ef2trb9uwadApqzvSbHV_PVTFdeRDv4lc8ogeM9UOw/Cu5tJpRCvnfJCy7REIG27sBbW005NBQudR2BdKE72QQ),"1221963, 1221975, 1221984, 1221986, 1222004, 1222059, 1222062"
007,Payed,South Texas Fuel,$60000.00,28/1/2025,INVOICE 007 OLEO GP.pdf (https://v5.airtableusercontent.com/v3/u/53/53/1778220000000/UdlkZBeg4PfF-CWeKZtdKA/RTjQJztBAyBzbO4CSswMPrcioBqKU6rC6HUNZl2o-gF-fa03LFjE2RnskiU6DMjnY2gdllelLofj83crGDZYhJHJthZzsNh96G4RSRWzBoJXCqGZ-3Xj8KoTLn4Udc1FSM7gJnQb7k2xo4I4WtFluk5ZZDlTvMK6PrWqS1EhmBU/BdOsRBS_Z8wTPIixG-2GnUdZ9YjgrIqw-3QU5rXw9go),007,28/1/2025,Imagen de WhatsApp 2025-01-28 a las 12.26.41_1d9f8fa0.jpg (https://v5.airtableusercontent.com/v3/u/53/53/1778220000000/ZSCrExz0kpn-v6Aoz3OPHg/ssVuAujM0OnFvz5gEL-XZ_OrY6TkRbdA_jA5kyRDPWkkiJa-4kVJo2Ixn4KvxM4oH2Z2cFhMh-B-kpOtyL57tlq2TQjvzvTuaGHMlpP0x5dlpAgbzE-vrOKVJZNUneziN1wvpHBik7L1IBvhARUtXEJm5b-FOG9YB5OHSPLCBZa2mi64i3OjNEImC7Xp7mUWP1lXcs0Gvllwks3btLkqvA/kiSgROztMox-uzBburQ493A6gsBq47mdW0l6nLK4SEk),"1222412, 1222419, 1222420, 1223223, 1222431, 1222440, 1222450, 1222451, 1222461, 1222462, 1222466, 1222586, 1222608, 1222637, 1222692, 1222722, 1222723, 1222731, 1222737, 1222747, 1222776, 1222974, 1222985, 1223014, 1223082, 1223215, 1223218, 1223258, 1223345, 1223355"
008,Payed,South Texas Fuel,$60000.00,30/1/2025,"INVOICE 008 OLEO GP.pdf (https://v5.airtableusercontent.com/v3/u/53/53/1778220000000/vTmH5I4VNgTxACogbNZpeg/I9UrKdAQZdtIG1b-nhpAchR7WwbTt6OaqyKyhxlgTtLpRHg04qFmXfpTY33RaMEQC-2RU1Ok7bG2ZIPixNx3wkJW9GxCHNmvhWmTFVEMq1B-quNGXSQtQze4vQy1GPP9qefvbiaaBu612F9dW9UF_6FYzink4S-9CwueJblUuzg/HsAlq_RCl6HQYtEKK--GsP_YAErkn3eVmMqk39mQrcU),INVOICE 008 OLEO GP.pdf (https://v5.airtableusercontent.com/v3/u/53/53/1778220000000/8sKhZBgjtH2dnfRDnvcTfw/tpN_frwmrxvI5irIPW_Vq9aIrWKKgPFgZ5PW1SMSu9KSw83eKEJropmVj2-UhlFTJI0QXtlAPQx0gxmui9FyB3lX0vKP-an3g6kM_xTCX-Ggufh18WTnR1fmkaV7mbmUaxbf2ykJP-Ta93HYmdNCKI9XWZhq6LVuM8mkMcPayzI/1AuuvpbtfnuPJDP_FwdV2deXLK7zOnDpHUuPnwQju_s)",008,30/1/2025,Imagen de WhatsApp 2025-01-30 a las 10.22.09_466ba833.jpg (https://v5.airtableusercontent.com/v3/u/53/53/1778220000000/xLeUdr7vRYzye0rd6NyS0A/Zf8BojRqMsfp4hM8bYoZgkWSdByHRELPARetyVPfnjqQiFI4CpuzThaEoDYDUd0eLpbbxk0PNybE31XASAGybmw-lWa9DdZ41QBTLitMfqsRAcZV2CdqklOwnj7EwQwZqJGu_WC-k7MCY-0fymzcKaw-WvJqGT8P14hfGxlBaPgyuYHcZC6TuLCCcXjnNAKUUoTof-_hwTvl3vqIAPvTbg/B8G21VBeWKP3BJWVz9TgV5HSB-MDOTafGbIG0BYMAjM),"1224275, 1223234, 1223252, 1223263, 1223265, 1223268, 1223272, 1223280, 1223351, 1223373, 1223377, 1223405, 1223425, 1223466, 1223545, 1223555, 1223594, 1223622, 1223636, 1223641, 1223643, 1223648, 1223649, 1223657, 1223666, 1223671, 1223681, 1223695, 1223701, 1224273"
010,Payed,South Texas Fuel,$10000.00,10/2/2025,INVOICE 010 OLEO GP.pdf (https://v5.airtableusercontent.com/v3/u/53/53/1778220000000/QYnhzK6zO9BloNWf_5BvkQ/P4SJqNXMXKfdN8zGxUQi28lkMDGd107xOc2735YLZGBWPO1snyRG4mjI4f5nSkhDWwHc0Men5caVis1DJs9Db5Fo7JlRjAdxTVjZU0SUTibaPKNvTF3lJVsIpWK8-o9glIkZb1It8zMap8lsf4NnZq8qtci-C0o9AYOXMaZG07U/Oh8m4SKwG8Zje6kBaXlXZn24dVB4q-bYMMZ6Q_KAVmw),010,10/2/2025,Imagen de WhatsApp 2025-02-10 a las 14.34.12_203f82aa.jpg (https://v5.airtableusercontent.com/v3/u/53/53/1778220000000/gpiOlGu01pQLmDjcrBNyEA/wHCfdffeI67-ehoSAjDBAXsPInSoWrYfYV3YCem-szqtLFwQzhUjY4jGWWBnHDMZcsbh4ts6_5InB0oMTyeswoOelIADuLgIdyjXcLPe5MWHUIr_t3SOQJALMTZduvSeY3MUiWyG69FbxLdYO85HeP2_PmgBycQ8uLQKzSJLb2JZkzXhwnPKJcBMBnn54dMLfgFtlGstqaTRboY0Sy1NKQ/bbsiT4-VGUoTxCxgo38DHXHwE-QCLw4AHxBfsCJWi74),"1224348, 1224353, 1224361, 1224362, 1224364"
011,Payed,South Texas Fuel,$40000.00,12/2/2025,INVOICE 011 OLEO GP.pdf (https://v5.airtableusercontent.com/v3/u/53/53/1778220000000/Cr40G_3r0Se2QIVYUbCEcQ/7gcvlvoTDBbLSDZgQW6lT67u06JpgjKjJqibcuyFNEPkgCGg_tozXtxtB2sT1qGODslpUR8_vXuWkCP3HX6oAuVrfhsCYPthwTh6yPYCxffQj8jT1HTvRhaPuLvz0HYjcZlJ23vLLQTJvGYn4K1-RReJPJcly5yz5zweDaaeXpo/NvFelB9h0n3NcRMg8nsd_U0ok2BonpZkaml380E7QJY),011,12/2/2025,Imagen de WhatsApp 2025-02-12 a las 10.18.42_07a41a3d.jpg (https://v5.airtableusercontent.com/v3/u/53/53/1778220000000/0hCyxqb5ROnsEbZPSZVleA/Rz-crZ1-CJOsybgEQifK6iVYP20DNbwbJ4rX0weZ0HSwnXdu9A7cUeYP_BjyHdaNQoRQ8C7htEzJlhuINAzdohQLbxHPMEfigSQLy1muNr1cMapbNb80mQZdIS-370Jr3GX3L5AHIlkNiDT1Pa0erECMy0v3H_hkA3OcdbhHguMgTriZjZzOltlAZQb4R7UTmN8mPSF0IMVYCvfJJuvU_Q/-3Y-VHNI4tWfVRX1ng-Ewea3Am1H-7j1yxTw1UAbo0k),"21001814, 21001815, 21001816, 21001817, 21001818, 21001819, 21001820, 1224784, 1224782, 1224650, 1224661, 1224662, 1224663, 1224682, 1224704, 1224707, 1224720, 1224737, 1224763, 1224768"
012,Payed,South Texas Fuel,$40000.00,14/2/2025,INVOICE_012_OLEO_GP[1].pdf (https://v5.airtableusercontent.com/v3/u/53/53/1778220000000/sLdtvfNWHYvSX5AyNLLxfQ/TpongU4B8WrHE6oGMiYtnD2SxXD2tgQJy1wshgrIkhT16TbOd-lANuqywpSj6oVxlGmtNjlNQf6v3wCoS9Bdtw-D5fyAUg1IWRR1UQZFH_GvEZusPnmRkk57C2035NOTodge6GJdFV0fso2gduEcx5URJLz2m5CWLsNO-pgYyaI/uj55F2NT-4smK9oXKIrdDIhDH4Jdjcl7UYBr7Os1z2Q),012,14/2/2025,Imagen de WhatsApp 2025-02-14 a las 14.47.58_9c9ecd7c.jpg (https://v5.airtableusercontent.com/v3/u/53/53/1778220000000/NKXjjxjOCRAfoyOx28TzKg/cvoVsEfJoJtRVzkHIjnyCOZmae5nCiLpngVb78RhT2ztG8dLFTihKVZCgVtMgZHc7ceGB8h-hfvKOrzumM-9_nQhLnDOfBzLZ1Xu5MbeILQ9cYxMkKeAJNb_uIGQDdtoTH7UIulURlXptv9r1Kxk3qKTjotEGkNCSoiLDf-Vft7uCppOTMJftCTOT7tY653cQoB1Ynm2OjMatj3hROTmGg/WavIyxzEYA29FyZwVX3XchAzWklqHbymQHwrmsRjfgo),"1224817, 1224950, 1224957, 1224968, 1224981, 1225006, 1225054, 1225077, 1225093, 1225152, 1225157, 1225218, 1225223, 1225224, 1225268, 1225273, 1225319, 1225337, 1225217, 50981"
013,Payed,South Texas Fuel,$40000.00,18/2/2025,INVOICE 013 OLEO GP[1].pdf (https://v5.airtableusercontent.com/v3/u/53/53/1778220000000/DSbnrh3pUUkX2Rt7GOhIBw/peWnZ0xeJXspySeH7-PcRAZ23qP71UAYhiyAwmI4WVl-AJZtPHiDEtA6ks8R9xOtMN6u4YjMaeUavMCG__AZm0poIjBUbsgPUBnHbaWRcS6-CzE9Y0UojQS0pQri3zlNi0bvwadUzp2uLLU-OR3Nln2sBkOOqy3e3p-Xmvn0jQI/WFFduB7ljKSK1FPyP0wuZpxZTLnHXoY1R_GPTEIKbk4),013,18/2/2025,Imagen de WhatsApp 2025-02-18 a las 14.48.56_4e1ac920.jpg (https://v5.airtableusercontent.com/v3/u/53/53/1778220000000/MlxMXLKQPaM8G-jpX8wa4A/nMojSO0AK2wtS8IVSi061KewheXK1fcTWsosT_0OlOQmg3FV12JnafWB4RwOCZQEtGQ4V9tZVHpat2NfqvGNrCMUWsmr1QlcNBGAvg0-3i7nGGCrG6GxfIN_YGsZvvppFMj8uf1jcTni5Zg8LqASjI6rPbAWGV7WbK3yilBIdfuILKUFZ1Okys1pRvYKBYYprV6ZBA6BweQUxV_9oFeijQ/zc6-6iDcQywWmXYApU-Yf0FX-SQx9GDqWpApJtMb41s),"50983, 50985, 50987, 50986, 51116, 51119, 51121, 1225896, 51122, 51123, 1225898, 1225899, 1225900, 21631, 21632, 21634, 21637, 21636, 21638, 50988"
014,Payed,South Texas Fuel,$600.00,27/2/2025,INVOICE ORKA 0014.ppt.pptx[1].pdf (https://v5.airtableusercontent.com/v3/u/53/53/1778220000000/W-LMjq8FBu-3wsHPPYsiDw/HJ2Bufm5xQJElxZkUQKuScrIq45DTiQ-a2M7mNQl9vWvjxacQx-THza0IalHBRlYOaFPfSA6kqPy99S7Xmw_CGqTIQIY5JhDWeKHVQOW0TE9R6MmPu5Z2d2_qq2opCZ1O5B0j6ZYeHzK6KGZpFx6iG6KZJssuLBPwSjtBSLWoVhwBKswq-zi2H8u-10gbvjD/RLcjP55jtlnaIatBe2S8vzVyLslLUhf_wki9mOFGSPQ),014,28/2/2025,jJR7RlUFEpJsjeGDAm2H2e4ZovtdvtLY7Toaq2o4794.jpeg (https://v5.airtableusercontent.com/v3/u/53/53/1778220000000/W9QsckGicY8PXIGNBZ7lFg/CVQC8ZMbzbVrIkOdAc1qwmtNjsTDNNtjUOt4ANi6G43r1DvpwT0HNDdfmfH-jVfV13IKa2LDqjjOIjncMw2dF7k9GiJu6rK8JYvE7xD0B12LiX7pl1l_Gm3YsH7W8ipmQa-GZI35pBtBXVKH0qpghPzRI6QOsmLL8uQ0wqxPHHEtRfHj7k0k5eYdl0QLRGOTgIIt7XwVJnBm_QuTUR3xaw/JcxutWDl-ucB19GC_AJISHguUGt_Up9kBtSPv-NxHWU),21639
015,Payed,South Texas Fuel,$24000.00,20/3/2025,INVOICE ORKA 0015.pptx-2.pdf (https://v5.airtableusercontent.com/v3/u/53/53/1778220000000/GHJDxtP7jqzd_C5s91Gsjg/TN7-yOyHdz_A7oQKsVa6x5fXS6bB-vI0AYkRjOuBH_uR6ZJXGkNOxfENOv_qWBKZ8mChhjNU9vq_g5Tg67vubQhDTY0GZOW16PAigCoi7ahCPIZ9kHeRmB_2lSOVfeXTjtEjpM6tai88rvhN6B8Nyr7XhER_9CzctXLZsiKI3hAPHWCj7AsQmppDvW5jl6zX/AfQMAQhhR3whZTaupzmV-88X3nr0ysULRFfc0x_JcyY),015,20/3/2025,Imagen de WhatsApp 2025-03-20 a las 15.14.45_13e0b1aa.jpg (https://v5.airtableusercontent.com/v3/u/53/53/1778220000000/nBIAsyR06vTjc3tZwzWrCA/Gk24LS_bNj8O_TAxG3ch2hIkRsGD_FpFew-ZiQqx2oeYVeYtXdsIhJdV_Ks7OFqiMY1liXinALMdp5Vz1sJGstEsdMo6CsqTfWTUJeSuSN-QxLuBUrpR12qiycHwnS7TneoCZJrKu2tMtE0bP39gSuhiu6jPdLZ3T3wGxYvXV-T-bI6Ath5E17u4e1erE4ewR0FFFyg0AsGUpBzoUSQsNA/w_rSSNmn2X7wfoQVJqrjRaHz4fTjVIXbNBDX0y1o0cY),"13246, 13247, 13248, 13249, 13250, 13251, 13252, 13253, 13254, 13256, 13258, 13259, 13260"
016,Payed,South Texas Fuel,$2000.00,21/3/2025,INVOICE ORKA 0016.pptx.pdf (https://v5.airtableusercontent.com/v3/u/53/53/1778220000000/9jyxJ36zPnYYZTiE9tl8Vg/OwAT-UhXa4eBZ46gjHvV1vX-Z8AkYiituie6XyWPV1Ksx02cCAFo1jgH3DE7jYUY60SCgWUglc7bOA1fSx475mJnLqtV2QnCeWtfaHXU65wnzcnLWS913h6oL_4xkq5sDfy_E-D05uCU5bjMwWj94BDwoD8atI3JU1wTIvUrfcg/seBfMv-pV1ihb23CEsM1KOCNNiC1GQXu2iRizAHEGmw),016,21/3/2025,Imagen de WhatsApp 2025-03-21 a las 13.53.06_a0564624.jpg (https://v5.airtableusercontent.com/v3/u/53/53/1778220000000/CwdvcjLNcrYcP0VcUwwfBw/JPt5-Eu08FphY_yUiDgmH5kQB999uoSoj3acDiljxemT2qReKAVqSY4K9eOx7zz1kt-2ORzcdLIdETdC_Au9aYBzLiY6ZehGGbaje_eqWU-2L0XBjbSomCh3duA9AFgG6WkODvHITMN9X0r5yLXqHFmeWwe-4CAvmAZJxtfjJUfRf398AtfRrRnmcs9wJ373dlCtpbW2iDrYj-zwi_mnyg/bJdxIWy_maUYxt0Fiezx5G582YkJFuDEXlyFhga1_jU),13261
017,Payed,South Texas Fuel,$6000.00,24/3/2025,INVOICE ORKA 0017.pptx[1].pdf (https://v5.airtableusercontent.com/v3/u/53/53/1778220000000/cVRGDh1RWHqJnCkd1fCJeA/-KxOXkjSIPJNhE9JD0Bwn7jqM3j_nty57snhNFkNOpEOhPL_SJOlyYjXtSdX6r1d-bu8g_m2Dkg6XZT4csjoSDxNIPl4QhnffS7nAF0qwef_XPuIHONoKW_v0dIUcAdHQjXJqZkaE8MBXFrWC1s7r54Rt4HRdO8VpSqnsA4PCxA/kpqmuk3BzbKrHkKY_AoQSFMaJbWjxmm7QC9rxcy_b4U),017,25/3/2025,Imagen de WhatsApp 2025-03-25 a las 16.39.14_a4c6feac.jpg (https://v5.airtableusercontent.com/v3/u/53/53/1778220000000/3hGgcO1wflTJT2bo2isIPQ/0PShlA2QaUahhFld3nXehEzINS6ZeRib7b4y1PqUXc7R6rX2r7KYWYpjxU522P7P2EHm9sd6iX09OJGFjQCJvjZ7-aARBeaFXA7lmgMteG6-t7tMRKUpR--y3OTzEOpSUh03UsM37Hq7UcNpbrV_JPhaNdCEQpCsffl8UaeaRf8ZelAOAv5PqZ7u9GvTjrCuhnvZRFIDflWw5gnjtPZHNQ/glPuWieg-ZyStWny2QX1igVr-C-qs_gSBYILh9GBqV4),"13296, 13299, 13301"
018,Payed,South Texas Fuel,$4200.00,6/5/2025,INVOICE_ORKA_0018.pptx[1].pdf (https://v5.airtableusercontent.com/v3/u/53/53/1778220000000/3dhbgDEDpJcpTqVRTdwPjg/ka_urnOZO00uk3-vs9cg6RrjU2u7uENDo4drviY_PlYB51mJwDgDTViC2zKKUucSzlsttewg6kRByFBdrFxMnaggzX5yHZhASHwqbd1B7smHm6NbLLu6KXDaHC20KRGDDUdOVX3dcD4WLEgaAcN8t7LGVOeng54cEszNDZ8-WsHkYRHug69QyT5TQrIv9hDf/U-7UQ0mVtz13O0D5WsAxPoWlzFli7LU3yBahaH7dPCw),018,6/5/2025,14g-AXzSl5o4FC71ttx4GdPbGAcZ9-BeH5M14Zu43P8.jpeg (https://v5.airtableusercontent.com/v3/u/53/53/1778220000000/OL6PU6OhBxAimwiq4ALZrA/94qCXR8wvRfl97AA-n-xsDjPNFQL7P1WfcFm35VSM0kLB3ihPMkMODnZwXKGLfgywhmptYY1ReUX8um1wDkz_E089tog5XwPtvx_KcQADkguy_mFlNWaV0sjwaj3iYQsghmcu0D5X_bW92F1J9HhJWLNtAHHIe_nkFNCF2uF9Hpgzm1RH9mRnDgnGKc8vKL6xNqBE_XZ4r8LC1lvsrdWMw/uQjQauur0fKKC2LEE3EzFepMcdvL933hS-pnj22VT1k),
251082,Payed,Kemlo,$2000.00,29/1/2025,invoice_2025_01_29[1].pdf (https://v5.airtableusercontent.com/v3/u/53/53/1778220000000/DErKaurEsXguiDKMbV5tIg/DvD4yL6wqly0QMfp478_UXyJwRje3P7j7DUZk-aiL_-NuHSHBv2NAjLZE8FMmVsOSuNZugTiYmd7MFQA-BENSc3ZLWx5_rZGVH7CDiHwk3sNftaBcL3w30PJj95OL09Qb1gr4atKaisgDGnwDmyyviDAtxWxFAKeg3DJPQGKoWk/sPn7LbOcmwC4V9P7_Drm6o1uKniGaPDxcLoPb8BVPtc),251082,31/1/2025,KEMLO.jpg (https://v5.airtableusercontent.com/v3/u/53/53/1778220000000/iWY_a3zX7TOlncD-8HVzpw/DXtKLH06ocR7ruVe2lN_4Nx4fmy5FtMefVdKqc3zxGQjMD7OzoYcD8Kxa8XS17bhcu12znnshtw26_nx36L9HdpVag5KRL97ClOK1uJN-oVQdUOmabTVrTJ0ZwUZAaqInxwXslIST8DTVocvIBhsIA/NlkBPwRj_TiVqm-Ji7XODU-aYIMLNQheh1RUF-v2rps),1222505
251083,Payed,Kemlo,$2000.00,3/2/2025,invoice-_251083[1].pdf (https://v5.airtableusercontent.com/v3/u/53/53/1778220000000/1pWoPq-mA5Bxf6G2HFZr0g/H9ApamtwDFgMyePrfuj9EsadWhl3KfQ4pBsYhgzV93_9VtFwmDKlStTsGDuGAjNYCc3jV2n_B8-1Zmd8YsJt5kuPzAm5Tqhd2wDP3P2DPVhwiOlXsvm1ftekFXGV3TDvFFyaOxEysH_imJC0PsvmyTylnPkrS8CNnkjwzIsN-6g/qwfM36ucNdQp_XE97GGkEyMYVM0WtzCTDN55xdSoehQ),251083,31/1/2025,AEm3bj2_qcxCGq8_uvocsuXhlcUO_XQziQGy8GXfVVY.jpg (https://v5.airtableusercontent.com/v3/u/53/53/1778220000000/f-oEVAt4awslChP_OcYfYQ/mI7tlomLZ_hsiS3R8DBefTlAQihSf8KMcuZT8nmzvJ3VKUExK1NOHpGjF1QdnE9_MRhxFqeyUih6D8nnwwuQbMBgNYwvRjUFr9FuAoPOPROtlCkDnVE_wX8nClgXrlizWiV62gcB7WV0bRAO4h_DVhvFqrcwUtnoAhbIsDAz5mfOuxz20B5tygSRheP4UtyTiO4r-Rn6oc8hhONcY7jJCQ/gPNV8hkhAIK1iz_mJtN5HSWtqgHNk6cQCmVb_mN9TaQ),1223097
251088,Payed,Kemlo,$2000.00,3/2/2025,invoice- 251088.pdf (https://v5.airtableusercontent.com/v3/u/53/53/1778220000000/3p5YYst16eE_fI8BNDD0BA/PA_wF0p121O9bU-C5rjjpaa_WeUe76atv-l2H4d5Q7pYvO_7trNZOK4O1BFcDKfLKiTaoBrEyQZezZYrlps3GQsD_YDQuTJBiPMT73ic_-ox5wMoOyOVyQ3nTW_HdjRhpm-a0P0Ng_QEC3QtN4IxjlU4yralX5ZpxRcDsrTLUxU/E62U5d-r49NHoOik-q0TfykhL3CXONEIygqxKe2KQ8s),251088,4/2/2025,Imagen de WhatsApp 2025-02-04 a las 08.12.07_b2d4cecd.jpg (https://v5.airtableusercontent.com/v3/u/53/53/1778220000000/pfiuD3ynrS07dzlbgqvXcA/snwg8snAiWct7w0xSR7KPYPQ25c4d0HnVQjr7R0WSOaVBaKjqeqcArf98CQNEdHL5eJfoaCYfF3eUoCb0lak-kfNNJAG_BYJB7A_NpS176OEMcdlvwhgVl_IbKXVd1lRhaWvePB1kVhBNUOSPiREUg8C7jtPN_jqGxAidM97f4yjujXPhwPZcq0lvg19uJi_X9BI18YyH-utkRCKpZV9Ew/TFArxDFE44uOEXgPOxZq-1bxZprc-uvxv9UdwrCIwAk),1223104
251086,Payed,Kemlo,$2000.00,3/2/2025,invoice- 251086.pdf (https://v5.airtableusercontent.com/v3/u/53/53/1778220000000/UzpEkoNlwlcxERiouMicMA/XRvNTeC-l47OE42rYynLteiAc_Tag76iVX2HGXmipAoAO9Pn-EjSdLP0M-hwoCRPhkkuJMhHR7VgZJ6_yXO9fQBuLlm3WxNxemvlfkWzLNlzFOc-Z8A5Q1CoOCS7rR0aVraRwEPKn4sH6fJk2-n1Ew55URgNfdtvWBG2uL6gaDU/xzzLGFC3smYvhRiubP46--G06PmJcEeQQ6WxjvrSSwM),251086,4/2/2025,Imagen de WhatsApp 2025-02-04 a las 08.12.07_b2d4cecd.jpg (https://v5.airtableusercontent.com/v3/u/53/53/1778220000000/hWuPOgzwRdJkgA14te8bTA/-w12Mu3b9Kx46dTBKr9WM-qB_e472lgwEWlLQd-u-yyezh3InKDnfWheidFPMcHGCkM6UBeQueaOK-GoLp4L3qqGdDwsl0rv5_Stat1Vj1LucKwChO2gulNuSk37TcljVKw7MZsLHv7MTQ_HRGkaFwxqZIe6PVpDw1JeMosxDqoql7HuA6qLy5erUlrYg421_znbnc6dfhPgH7ESkG0qcw/uRixDJbjRJniDmd93uP8GlJ5Z-1eI5ECIuObqSOOBhY),1222709
251094,Payed,Kemlo,$2000.00,4/2/2025,invoice-251094[1].pdf (https://v5.airtableusercontent.com/v3/u/53/53/1778220000000/bt8JzGlR3kB7fiByACUYag/T__Ht0QzXRBwQXqUnvArzR-pjcrSBhAkZtlwrov3weMXmOJ95H0LfSS-PYIviM2YIdGXpg-n8YFreUg35MwkQv9nYqWooxKPADqgs-Ou0EPF_h36QvE07CRB1h0KZ7Iw2M5R8JvKVXE4KAUZKjBFHudhAHavZEgoLr1hNJellhg/YE_rNWsuznG6nJr7jtM8Gr2hA8O8YEwisuWaBYmzP_8),251094,5/2/2025,Imagen de WhatsApp 2025-02-05 a las 11.01.54_e55dcfba.jpg (https://v5.airtableusercontent.com/v3/u/53/53/1778220000000/c8tBFfsaXROTgL-UyV4PsA/alnzw49IhVc_qgt2gDH6aNb0GNINkQXXQN6rRusuFdhOh35eI7kWysMYcKh8l02XzItA2cQNDPkITFshqrFGw8s4arIVWKJaxZT78PVMeGhllNMZ9sa7r5Kz7jx-r7pveqeUzR4UjH89JVjBOeeX3sWndpjIXdF0_zfnPpHHhFkX7MJOu9iGDDxMmQgruqYbcmL5My-LMEG8Vhd7-2fXwA/aWDNS9mZrNaRcDe_qLsw3Z1LRTKWfz-CDnnfQi4z8qk),1223416
251095,Payed,Kemlo,$2000.00,4/2/2025,invoice-251095[1].pdf (https://v5.airtableusercontent.com/v3/u/53/53/1778220000000/jrTQyulxYaGnCnx7neaTqw/9czRfb7_M3aNzQgg4M6AV4YzRs-dnLQBVEVpb-xH9VnqsUa9Rhp_agOXUmlMof79TDYSGJ_r-s9sMTyKSi5FFNP6Ajz5bL0TbfvuZ366I3gcGcNCGfIs_xexeWk-FvDFVgUrqDLHVHrb--nYzwmqxMSdgb9Zgm5U2SAZQaJxJKI/l54qewxRIsuli0nJ4sx2GViLlizZEdlo7vG1vspqFl8),251095,5/2/2025,Imagen de WhatsApp 2025-02-05 a las 11.01.54_e55dcfba.jpg (https://v5.airtableusercontent.com/v3/u/53/53/1778220000000/p_m3zNaUEV1cUL5VV-AVOQ/48h4mxayDVpB2GZTC0q8pEzk9Kt4DUyGCDfXxdjSuBb3plwQe-pluvVOQ7h2b_L7OxWYWAV3PXcR8cW8YE2-6FqTux9P27MQ_001rUMgYX_SI3KJ6nPNMSj9P9IwBZ5HRvP91gYrHEnlRjD_OpY2SINIPTXQbej2ZAwYwfy20hj_phMWpB4m7SUkqbnzk5qHxXDqaetiKzNeJnSfIQYI3Q/LC_S8tO3vVJVJQYV1lqylsQEsG16jsQWCreqDLvP2Zw),1223457
251098,Payed,Kemlo,$2000.00,6/2/2025,invoice-251098[1].pdf (https://v5.airtableusercontent.com/v3/u/53/53/1778220000000/kYjnAMh6WtY_k9KiKRrj0g/7HINiIXOZuK8JJ7ILvirhcrY7_G4T3u_O2otgZASYUVBfT7elZaAi9mtrYL_9zli3kk8C7j9W2E3622glGiBlH_JiS5YFj-_OwysEZHMoH5gxpnmn8YaG6ssrQPYq52nRWBYGYImULDJr24AntDaRWiDm0b44SsuXkkj2Vci7cc/iuplwf3fO0Z-zadLL2qz216psw0AaCVaPcoMn2IXKn4),251098,7/2/2025,okeArPjJuxl38BoO2vswKAfy5tbbLBhdVvdr1pmXHtY.jpg (https://v5.airtableusercontent.com/v3/u/53/53/1778220000000/Q_2vYyhzz_cUR_DR6-kEJg/1lm5tFhOnY5-7GCR67iiGc03vTR9uUe8qqWqjDleq4FFeG-oa1mEq4b5ax7QWNigmR_aAwhSx7W2z_LVDgUkQxCAvYhWrsfvG-dIO7oF9n3vuzxLtyPTUIS0xeCkXJh8fVnjdppNNoQ4-Mo6aPCt2eP5ageZ9UoWjJJxFlyKVI0xP6pOmJZEd5ezsEtSIUhtiFnmJ3Gc-ju0J5CT_wQKqQ/LmgzEkLzvIic0s86HpnfTfBKmPVdDqRKhUV8JTjy9b8),1223672
251099,Payed,Kemlo,$2000.00,6/2/2025,invoice-251099[1].pdf (https://v5.airtableusercontent.com/v3/u/53/53/1778220000000/e_w-rgRNTOC3qQIXag0YHw/xsDOszx8q1WQ2y0dcGbCym6C8W6Ea2VBLJu3f9yTiW4LlmxC2qSDztvSvIWJImYUdZ2iAHhLbGLoxPZxKbLujKCz9fCqiZ5X0e1J8xjMLYEJhvPDD-z5C7h-1-3ci11EDxnaNr2pUFo2kjcLweJGK2DP9mrs27mGPgCbemiLlsU/GKpbnDOOh6-3QCfvUw1Rqn7F_ARnd4rFxYJadqv-tRA),251099,7/2/2025,okeArPjJuxl38BoO2vswKAfy5tbbLBhdVvdr1pmXHtY.jpg (https://v5.airtableusercontent.com/v3/u/53/53/1778220000000/yOg-unSI2gD8UM4Rpll6vQ/kSK-T0nMxpQsxkPoZYSBquj-eP8ESNV_CinqBv9WxRZ3PZozU19FZwh7KGS5ALNjBJxae6sDXGYIvw81mp6WY6SdFzSWGOm8ny8h21ZpdD-UvfIU-F-Y331QKcgPoh2OveDm59epq9sLW3mUoF5hH7_BZPjxzMG4J7sK0B4gHxWxpRKWUkS696VU_A7r_XnV_AG8Pm0QVWGkP-52IObrJA/fPogRM6Yk3mjkgXzQr1Y079LoC3NtpQaq6LNBrrMOQw),1223668
251109,Payed,Kemlo,$2000.00,7/2/2025,invoice-251109[1].pdf (https://v5.airtableusercontent.com/v3/u/53/53/1778220000000/p3vlYi7WXOW3Nps6HKZ8-w/HXFZ0xiesyczM4WsYBq54t-zcXuVIJ1BjpHiHaXqG83vH4NnwCZzKQ422adICX12LQjGOshuP4sWxypXrKGwj2jYwG8nee7LQOuim_8D1_8IHAT2zrhNcaegBhae6eC5XOnJSPQlp1Z1LSVW60Yk0ToV47wDJUZV8TXuPbNIAJk/KIV1uuI-Xo_vZttavm_9aBRuJWtDmrazAfp88-SZptc),251109,7/2/2025,okeArPjJuxl38BoO2vswKAfy5tbbLBhdVvdr1pmXHtY.jpg (https://v5.airtableusercontent.com/v3/u/53/53/1778220000000/cQx3B5mC2JFiRYlxmwqh6A/yGIbuyr1HTrBugzxQoZSj16VjZR6FNBW3zuqS-OvOVAiMn0qlvy__0-fcbBAe8vLH7FRBFTsCmhmxPEQ8v-wPa9xqgiWEWyj7v3jfUmUJB0_YCfN7Nqw9zBEqFSi91s77JKmlHynFCgYUlGO8mEe6VqJxGWjuy6P3t_gLBAN3I2CG2K69-uB5tdXyj-y5O0dqWvSfJkYWJEEs-tcK4Wq7g/9Re4fTnZjIixaAzatRIgTLj3zo4L3N5T-ccA3_7nYe4),1224035
251110,Payed,Kemlo,$2000.00,7/2/2025,invoice-251110[1].pdf (https://v5.airtableusercontent.com/v3/u/53/53/1778220000000/Sar91J9NDPYIek63-cX94g/U9LkSGcvfB5O9ns7P5X5-X98YmRuB8ttf0z-vdeKPduvdYzcoxPJ4a23d-owK_RjClbxnYGwvRI7zXylmvOVwcOd0te8zFoI1_nYq85SvLEwdFA1uPo8qX2x1Gfr-3yS0qcnUbuS9rxDpBFjWW6kOvpjTU_hoj88Lldj5yfyYBQ/CxgH7f5KT6cXg3V8cwns3vl3t2ZuOTgzoE52Xkx2cFE),251110,7/2/2025,okeArPjJuxl38BoO2vswKAfy5tbbLBhdVvdr1pmXHtY.jpg (https://v5.airtableusercontent.com/v3/u/53/53/1778220000000/JcvNcM2Av9KhdV-SYSdKLA/vRtlglLi3-ZuRR55dI0LCoIUgTteH5_TOAkjOxcG3TH9M7Zva5bxL6B1c8ik-K0uOGwTTjmPHZJE6oHtsHuPPtGueS91ZwYeeYXqS3ExQ7gIULmLQiqLFMTs6JSeevLcj5YzdPnlnwSzN_uUcH5DaUsAEVKeC1mxqMKN57N7QMRMxDkZ2wwGcTnGHrlctlfzkAK7hueahhXoWDptFco7CQ/fyLELS3_iT5VhQNt33lIQCR9X8ag65567cmeX3NKKPo),1224025
251111,Payed,Kemlo,$2000.00,10/2/2025,invoice-251111.pdf (https://v5.airtableusercontent.com/v3/u/53/53/1778220000000/JMBS4xfmPxGbv9S5UFSDSg/Y-j40EaQYI8MG-65DYKeOBTV98Zr7WSZlFA5My3WMOwATY-3k5sDNFirkYJ_f6k2oKYff0Sm-7EUrzHGMn6PFHnI6oS4DIp6yyabrPyz50bqDBYf_l0SKno2Hm5ZkLbOi2GQKStrl6fWjscrNvy-8AxN7uA3zkXFmFW-hvZELD8/d5tKyoDHln80NjnYgM1Wf9r82hSpHqWovjhw2STvSMs),251111,12/2/2025,Imagen de WhatsApp 2025-02-12 a las 10.31.08_4775531c.jpg (https://v5.airtableusercontent.com/v3/u/53/53/1778220000000/16EBUTM129vxmiyrtbOQDw/ahM3rcFZpKOOM-Fkfk8UnKgMZ2HwYjT3jmYgqMU-ReilGDWTGu2l5GkvoMnr6IXqP3VybtHHqe0sshusXONVpXTV9IDp-Og4zyFLnCCydn9cDBFCcEUzFaC18H6Rm-fQPIoLeHIFM9tOtIkCRK7kLAX4rPNQLk_LNXATjWkaEpOBIYGnfrkyHOccGcaZYIk4PXEkPK9Uezp16WzIwJuASA/LKkJXhEJ1bDZ-X-1PXXbPRuW01M-c-qB8bDm212Gsh4),1224258
251112,Payed,Kemlo,$2000.00,10/2/2025,invoice-251112.pdf (https://v5.airtableusercontent.com/v3/u/53/53/1778220000000/ZlxwhELw2fcJeo1I0VYNrA/aQbMrlMMZywBV89euRNsb0KYksleSwj1a3e5399JRIZ6rDTiWCsyz6jaW_HAJYrv0S2u0ZQk0-oFjfZv1wCAlf1X1qk6EGT9fMGJeBM7npQNTlIixjw5eD3mrle8AZTsRjF5xH6G5bSrxt0FPj51fWQTnOzYTGRWDqrqPdIL5n0/EsOLtpvKQtbvUCv1FG_0rEIliaEzTT1Z5afSvb-0zxo),251112,12/2/2025,Imagen de WhatsApp 2025-02-12 a las 10.31.08_4775531c.jpg (https://v5.airtableusercontent.com/v3/u/53/53/1778220000000/xLg6dvSwHJkN0IKyS4ZvMw/iDYxHqlyIoWiBWainaI1XSjLxAj95XJ9h4Bg47xirgeAMQIfeCXqmQxAfFGh7bGhzw8KdTpY8Cd2aqpDRxZ-M5QhBbdY0kJWLGkHiZDJFjjYT6ZzZx957ZLmv_eWfcW7sytJ5i2duD_rSpVCdrtXRdLoXqJUqBfX8h50cxX0ncXEhUZO2WBUjditw6Pt36PSNGcx7SvEckgJ-AcHISNuaQ/7wNAwJLWC3ZQs_OMLvRBqnjrdIO16i0aPyC7XHnzdQE),1224256
251117,Payed,Kemlo,$2000.00,14/2/2025,invoice-251117.pdf (https://v5.airtableusercontent.com/v3/u/53/53/1778220000000/pgSTBIm7kms5th3ovoPaYw/fSVBSuR9jmoeUWKF0A-KOFAKi5KGEWt6CTa02nUfuIUQWm0i5TnTp8h-yrsq9pwrbkSlc-YlP1G6cgRyMA2Ne_T0pGXQX9pg5Ov6ru6NC0qgIur6UY-IXiSPbmZt4WVS2SEypig4MZFwvqRDaWY0PAc-ZCLdeEERi1WTzwi_UpI/2-AAp56sCBWmKki1j-La3Md93-v_UA4IcGWX4dN38ts),251117,14/2/2025,Imagen de WhatsApp 2025-02-14 a las 13.34.03_34782f2e.jpg (https://v5.airtableusercontent.com/v3/u/53/53/1778220000000/up07hliwyfBlOaLkbC3cqA/Xt6pO3TgbC43mXLjtyef2VgcoMl-DC79u6zdd53NADbzArpIZGOe74UeFgX0t5YYjBdk25G4qy_9UTB2qOouRDSrMHnIEcG_pcW52h0dhWF5Ck8tYsmvV_oFvZfkIlz6Lf9Fq2DnhmhfZ6_voq95qdt-AJqLCHp6ngqU80VuiO9zis7Ikat9wcqj8iiLIHVunsC8-hT5OUGNDc26jiJ51g/xP0wEvR85vMTEWHdULnDSu0SWwcaVh2pZ4zrU67bjF0),1224596
251118,Payed,Kemlo,$2000.00,14/2/2025,invoice-251118.pdf (https://v5.airtableusercontent.com/v3/u/53/53/1778220000000/d7C2GdjwUaXKRbL1WEd7Lg/HHT3ZLRobY8CrsIGhQuX-lR_7dbScCaWqFtl98Zpt2I4Nq5-Rd0Q1UYvZ98Y1l2T5bzuzktbYC6J8VwS-J15fwTimifNz5Zkd6i1DagmjMsMY5AmpPVAtuYtvfsNJyENiVNpbhAXS_wlYDn5bh8XQhgVHhBfRe3UWcgGbblfkpA/EyeXnuEI9LDz1jhFr498-2wtO7TaGg4Rhl9FolCnccQ),251118,14/2/2025,Imagen de WhatsApp 2025-02-14 a las 13.34.03_34782f2e.jpg (https://v5.airtableusercontent.com/v3/u/53/53/1778220000000/up07hliwyfBlOaLkbC3cqA/Xt6pO3TgbC43mXLjtyef2VgcoMl-DC79u6zdd53NADbzArpIZGOe74UeFgX0t5YYjBdk25G4qy_9UTB2qOouRDSrMHnIEcG_pcW52h0dhWF5Ck8tYsmvV_oFvZfkIlz6Lf9Fq2DnhmhfZ6_voq95qdt-AJqLCHp6ngqU80VuiO9zis7Ikat9wcqj8iiLIHVunsC8-hT5OUGNDc26jiJ51g/xP0wEvR85vMTEWHdULnDSu0SWwcaVh2pZ4zrU67bjF0),1224592
251133,Payed,Kemlo,$2000.00,17/2/2025,invoice-251133[1].pdf (https://v5.airtableusercontent.com/v3/u/53/53/1778220000000/KeEMwjGfDaHelyVFO6ht3g/ZELtYvl20JQHf35EJ5dwfzMHo3KuZHNc2uPzENUxwHSgfV19sd-pFJX2y9H83HjAIaCFgqcF7UljxtLUElAgMg-a0xqzF-N3Y76HZKiC9b6-ahri9Ra_qahaVLMmzvviqxDmBeObjBZ86kvcMdcqpZGahBPz_tc_s8GAErQ0DX4/KX-ZqdD-yG5JqbDZuMx3lZfFzZ1XcBOWaa495A3dEDE),251133,18/2/2025,Imagen de WhatsApp 2025-02-18 a las 14.40.33_f200d51a.jpg (https://v5.airtableusercontent.com/v3/u/53/53/1778220000000/C_SZR4DcIKFO1k7VNaXKTw/HykQkPdJAbFMWJ6qdbs5580__KptrG_mHPetYL16brgugmW9nWW6gwOvZLdt7YYjuqOU8eQw6TIzWcSltHUAOpzJG7uaWRNa9f-qzUviv317RVVjCPqdJw3nKfMzqcz5O3fgiIomHsVOEK1qf3CbgSmDwex7_xco2e3KgRKJDKZFk4x2Ox3XKm4tIeumvBvoi3iYdn8_P86sGzx327cdiw/1KifDgQ4LGNtW6uX--Lzy7MvtXtpuk6a5wS3DeQTLi4),12695
251134,Payed,Kemlo,$2000.00,17/2/2025,invoice-251134[1].pdf (https://v5.airtableusercontent.com/v3/u/53/53/1778220000000/RkSlLi22mjW7xIBmMVaEAA/bE4ov-CrI9K4DNK5KRCiszp2zIqf_KLxb320Zy7Stk1Lwzs5oeE8TU7WstvDVerSw7n0V8YlQT_hiF3e5O_RSQXuweokl-LV8P0FCqyNkp5co9y10mG85GExf3hEBPQRdIEDaZBPhHKedTrvVILb0aU3Tz-f-nmYL2o8KCAV_nc/tB0QR7QQTGhLjoNCR6LqTvu9uTy6IvojlDhgEy6KDF0),251134,18/2/2025,Imagen de WhatsApp 2025-02-18 a las 14.40.33_f200d51a.jpg (https://v5.airtableusercontent.com/v3/u/53/53/1778220000000/C_SZR4DcIKFO1k7VNaXKTw/HykQkPdJAbFMWJ6qdbs5580__KptrG_mHPetYL16brgugmW9nWW6gwOvZLdt7YYjuqOU8eQw6TIzWcSltHUAOpzJG7uaWRNa9f-qzUviv317RVVjCPqdJw3nKfMzqcz5O3fgiIomHsVOEK1qf3CbgSmDwex7_xco2e3KgRKJDKZFk4x2Ox3XKm4tIeumvBvoi3iYdn8_P86sGzx327cdiw/1KifDgQ4LGNtW6uX--Lzy7MvtXtpuk6a5wS3DeQTLi4),12693
251137,Payed,Kemlo,$2000.00,20/2/2025,invoice-251137[1].pdf (https://v5.airtableusercontent.com/v3/u/53/53/1778220000000/dpjU5WkxKM3WcI7t6XZXtg/hrBCGd_WEa-uJWzlfTqHcmrnmxw_pOXQP4ggOjub2C7yOC-1u--ztGBfMjvUUghFwmlrlheRw-0L5pqpxHzK8ZaQUSFXy8sbYJi76oMapp9upycO9HDp2f-7g-UlFqC247bVFVy1cPQGUEaJD_czA8DAabYkKH35052OYI-aHcQ/fYpSbHv4OK4zr2EVYyn044gKbQMvZSQeXQyahi7sFBA),251137,21/2/2025,Imagen de WhatsApp 2025-02-21 a las 09.40.59_19443d4c.jpg (https://v5.airtableusercontent.com/v3/u/53/53/1778220000000/TfAQYaiM3phl0tfcRPhylw/YJGJi5W4_DvlMp1XFAJlXYxwbOD3qdCW8PJvkTjsS7TTVc9TG3EzwnPGiJtebTkDcKN5I0O1-TlfVFxntQi4xk9XIzhQZnAWaNelCbHiWB8n8U_aXDMz_vbGRJQdD645-9TK7BuBu5qqcdKMambT7aeBb3GfXPO93ub8Otw20jjD2j0OWnnvKnSybfmeR9rdGYRyO1g3VLtw4t7CbsYUHg/_7ZcD_sTZ_IkfM_R4mejUlj72WBcYaZp0EFSZVn2xYA),1225145
251138,Payed,Kemlo,$2000.00,20/2/2025,invoice-251138[1].pdf (https://v5.airtableusercontent.com/v3/u/53/53/1778220000000/UPoyG1cLpdaMx4S54aNAAA/CEb0RGREfCmGkdgn3stE_4zMBB0hbpYxmbbiBiQtiNVPZb-5GRD24JgXzyQlQZ1m9kF1vJ4AP8zhGI6jO0ebddKLSv7TAabvF5YG2ShAUkWJH7Ys_kqL_T7U2-MSXfY7cRyfXnA5iNJ_K2ZMgo_1ZxyiodfPOl4XryNbAKbuS-k/v9x-JdSrGHkmqhQ5dwlgCHC_AIUVlVkhaM7FFmdKBSo),251138,21/2/2025,Imagen de WhatsApp 2025-02-21 a las 09.40.59_19443d4c.jpg (https://v5.airtableusercontent.com/v3/u/53/53/1778220000000/jEfZ6fCx9QecCCx5pHiQww/XIwRyue1UTIjDveIgmL7xXC90h-RROIJS6KUbJOMBgKPEdRycTBVot8OOCTlJSOLMbgJAo59ZQZF7HDj8XxXfb2VgHbX0oMdrJ4wEjFav8qJ8eiIcaPIfx-t9bQa8Dxk5lLd2oYdZ40VkFz2vvIM742Te7OPNQZsZwyqBjMRS1Z0YhPKZA9X4yjNlN1fY_3ASSYLmqmWxxT8Unelk4EHOQ/s-EFeBLc9UfW4V10Y2gRxBw52soRzkIgtKU6FxINSJQ),1225144
251161 ,Payed,Kemlo,$2000.00,26/2/2025,invoice-251161[1].pdf (https://v5.airtableusercontent.com/v3/u/53/53/1778220000000/Sbd1qBn66lwZUYd6oRDGVw/lk4rrcPtbsCzuTYaA1aYPyjbBaRiJm73iv37urTmi_HUJnkvoIDMQDsAmr-1XGudKyuKE-0FCmB5pw9RDHl7jPYM1nLbpzy96NId6XwVtU1f23jLiDEsnTRKbHBM0kcbOCuqKv1QAM95djbQU4woe4Yoe1usTptyXMI0lMsbOcg/cMKMYmdEHwgIjCp86COeGmRb2CWYRQK-KYnyTWO3ZbA),251161 ,28/2/2025,UWfO6JssaZ96WxVAf8m4KprQ6OE5P8jiV28LcmbuOtc.jpeg (https://v5.airtableusercontent.com/v3/u/53/53/1778220000000/6po8YEYOgG2F0zqx6yrBhg/qzm1srDtqFOGt9TvWL-N_XTmuCMIkXYw_-Lj9gHljXdMXedNc_MQET5QiLP605Pc8DaUoD5ZSQFQwk-5dtOvqp8VoBvHQXNaWBbw6n58y9iueGJfjUUEmUUnUc2SbYFTy_aTgyy53TjnuftJJJ5-x8FM7C2DoiEATbOPwr4eYaqhu0b6Hdp5RotRODcvouVVR9Idmj5pnSEf7YbmBX13JA/XxnP1SbUw9g9GAwgy-iyehm6Woz9JztjdvPK7yZZny4),1225931
INV93,Payed,ANI Transport Freight,$12000.00,20/3/2025,Orka Invoice 93.xlsx (https://v5.airtableusercontent.com/v3/u/53/53/1778220000000/ZPY8YOgJOqMb1Q9xWmYAPA/9e3BrW6sNk6J7S3iDTSWjXghky-t3wj3EiW2Aa_8escSSShpuhdB-ou9WwXJiw2ROuu5gKwRYl4nqnglJTFOkhIZNRk3J2QvTsGtaBixyEAvzV1e9ztsbt9TsyAwPjw7pSPr1nnBo3zy5rBFhudSnCazA07Kdrg7BochPGKruu8/_KDeIAkYnwVGZviLq5vsRM_Ol3mzjGICjfdoj3I3TgQ),INV 93,20/3/2025,Imagen de WhatsApp 2025-03-20 a las 15.17.53_72bd76ea.jpg (https://v5.airtableusercontent.com/v3/u/53/53/1778220000000/d0mmUB6ndMcwRU2TDDt2Mw/iW0sPgTSGigTvGWbVrUmazsdw9_NZTPD_R-l2wZwNbZeWc7W6pE6xT6c-vWePq_FN0yf07-tvA5JrUsIrV8tDnADwBXXg6NAUsEk87I0LYKrVX1nTByY4dUM11rpH0vRGekaiNKGAqPx3YuUdFZhi3kJkDXwhOvX7-ALwPLcKHPEPOhfVXxFwBZsNXPtZhk1XhOjqNQS1OJ5h5xHhjC_Rw/Dr8XJsqg5nOxhE7wmSqQweS10-KEQb-9QtSfE6SRjVc),"1227913, 1227916, 1227927, 1227930, 1227933, 1227935"
INV94,Payed,ANI Transport Freight,$14000.00,24/3/2025,Orka Invoice 94(Invoice) (1).pdf (https://v5.airtableusercontent.com/v3/u/53/53/1778220000000/sBULckRUdP_vH717Ggtm4w/OgXBXvNu_Kf6yjvy7A_LNYAw1YEDzVodTdS2h5paS-aSWpzzLXlaMv6p-cTVhSgwywpKexhU-B4ydY83gEpju5O176PZQnS2Bwo6ZOcPaENYtMojAVkAWVYR8EBZJYEHzlPO2ksUUOxkZJZri0qOJiCZF21p6s71kNhiCCdnbuU/bqcUMJbh9qZK5WrnrrPhkPeGvZbGEspsxOusBZy_mew),INV94,25/3/2025,Imagen de WhatsApp 2025-03-25 a las 17.34.39_c2f120af.jpg (https://v5.airtableusercontent.com/v3/u/53/53/1778220000000/deo73k1mCemU6gQ1T3G0NA/MCvp0oyC0y-8D5Wl1ebwTm61bVWnlCAODrzn0vq5vOB1hyhF12oUZiMDMd0zJJ2kSfyHsaPRmtrALF4mXe29HqfdOGUKsI4WcMASog3pipD9qMOvG_kyUKpNizY5xQm8AgZUP51npcFlklzdUvmsD7lK1lsHcFuFDS0TKegzZteX2hRzx2Cyc0IeSZdIkePgrcnEF2TS0I0TdsyZoixoxA/22o58iEM8CIypKpC_wh8glS4WSKx-Zrbo9UIdQGv9JU),"1228222, 1228223, 1228215, 1228218, 1228224, 1228225, 13284"
INV97,Payed,ANI Transport Freight,$12000.00,25/3/2025,Orka invoice 97.pdf (https://v5.airtableusercontent.com/v3/u/53/53/1778220000000/P3cPtk9QFinkaJg8_HPKwA/NOu_6rTfHP-WvlwTQ0uoGzQqHGsLyLul-vBg6M5PgJdKTPpxlHMZIAi9P-hNNzVLRdrGIOOZpb7_lRrW1iRjYAGN-tYbgJfA3Ck1MPVV18FEsLGEQ48oXYTTJZzTzI4SXsGPKM_pL9vsU9U7cCajrkVUgTjJLgjLdd3l4ykpse4/ijKMI4gskzDLtC9tGYXZqjiEyrVBnne_M76lZHApEH8),INV97,25/3/2025,Imagen de WhatsApp 2025-03-25 a las 17.34.39_c2f120af.jpg (https://v5.airtableusercontent.com/v3/u/53/53/1778220000000/lG76Ug-avNgggyPWdDkMSw/0v09Wdn0jczHHcVkkydeZhKOJmb1WNqhrAV2SRy9SS1HqhLkGwV1HTc2TCjlLQkq-9kzVnPWDJflB4adyocssJ3LImhlc6sEoyh1oDYslZSwbGphkVfyPlk2caQQpPhOis6KjbPeQa9_IW-eWsR74nyfXdccqkUVE2SCubdh4TEObuJR91VppLeiz5O_FIQYc_GJ_rdFUURWVOBGeJJeyw/RsLJm_5XNyC-qtchaxJCSMgVnFRJxDCjHKWfrk42uWM),"13288, 13290, 13293, 13298, 13287, 13292"
007LUXBRAVE,Payed,LUXEMBORG,$6600.00,21/3/2025,INV00007.pdf (https://v5.airtableusercontent.com/v3/u/53/53/1778220000000/DrDRhA00R19uwGkdoWBwiQ/yKrfwa-KpcmKSguAcANaUwa5D5_umJ4txwB0-lElBLPs0N7YCbtAy67lbo9YW7MnuuvNSoz_FqDiOwXlAHyDO0_C8gUMAJYP8iKpZZ9wKj7yPM9brHLh0nqOouCbOUTjs8Sg7RuBglQZbx7NiUPUcYrWHHTeOLvwccVUZ-9jZyA/ZdBbWxro6B4p8qhKW8JF0k9V0XldQj143gXO5-eVpX0),007LUXBRAVE,21/3/2025,Imagen de WhatsApp 2025-03-21 a las 13.51.20_299f7d86.jpg (https://v5.airtableusercontent.com/v3/u/53/53/1778220000000/aHClMUiJATJKQcm7jZHCEA/deUZ0XeL1egVLzGSoC30I_d0EHr0RyVSIvuXxG5TfmuCF6G6CiRyWiis0hfFQtaatdQNamCS0c75MeuUmoJjMQx9_eKRCeJKqBlZga9XcGnB5i-JwY7qusk1HA9sGJ1RB4epgxl89AWMZt2ZvLgjWbji01NOi3FOnd6XAnIGNJ6_DbJKCxFCfekTRXRQ1LeIOR8m05ecrODFXwwPcbRTJg/LZmFRiVfCXpCLrktTlZm_rXL0duK8Pp0RYZXODwBh2s),"13257, 13262, 13262, 13263"
INV01,Payed,BTO TRANSPORT,$3000.00,17/9/2025,Invoice01 Felix ORKA.pdf (https://v5.airtableusercontent.com/v3/u/53/53/1778220000000/_Og6WLwzrfGVHMaWh8tlGg/FVNt8YH6ZFVY_3XTMPRIfSjeVE9wRvKKAmYPNkho0UWEFMfnkLWS0bhcCHktcaDTfOS1Eo-CRAVh9sXxYcFFD4lPhvRBWhW6fyIN1SzP8sRLGvvU022QziUMXRp1KBdOg-CPdub-rJYGYvQF7Jg0H7NvL-WmYBEv0_ymZpOfBP8/mb0M-uUB4PBGTYN8OdRko8zTSaccxCLGmvUtiyZhY4A),INV01,18/9/2025,BTO TRANSPORT LLC (Receipt).pdf (https://v5.airtableusercontent.com/v3/u/53/53/1778220000000/-Rq0jCRlw6FU031Fx1XXnw/SMDH3nkATIxxIy7eLwSJ5fT6apN6dZczQmJ6MhoWoorMcDx240dLb8Y59SOpMj5xlrG-4wlqPAQGEkIL2XkDnaIgZLHgPsGDSeW8ByirDJTx1aAoRbZ1t66N0H0J7J7F-QaC0kVDohqycguvHmI2AfUPEGtxwXKgR6eNTVF5oi5wOpu9_eJ64ofai417iFuA/lzMRkiev4qmLh-Hr0RaJwAqDaP8TBFQf3fzll4rt0Ow),"103, 353, 104, 354, 356"